Date (yyyy-MMM-dd hh:mm),Latitude (N),Longitude (W),Temperature (C),Pressure (dbar),Speed (cm/s),Bottom Depth (m)
10/18/2016 0:00,24.835,-95.846,4.381,1448.5,NaN,-2437
10/18/2016 8:00,24.821,-95.856,4.404,1453.9,8.007952298,-2429
10/18/2016 16:00,24.799,-95.869,4.386,1448.4,11.24272654,-2381
10/19/2016 0:00,24.777,-95.898,4.375,1453.4,11.58199033,-2329
10/19/2016 8:00,24.752,-95.91,4.376,1451.2,12.75906736,-2363
10/19/2016 16:00,24.718,-95.931,4.386,1454.4,12.09255143,-2414
10/20/2016 0:00,24.713,-95.964,4.343,1449,9.286791696,-2298
10/20/2016 8:00,24.688,-95.972,4.397,1455.1,12.11559739,-2346
10/20/2016 16:00,24.653,-95.985,4.358,1445.9,14.92698228,-2442
10/21/2016 0:00,24.623,-96.019,4.336,1447.4,15.17262008,-2280
10/21/2016 8:00,24.593,-96.041,4.38,1455.8,14.26171448,-2157
10/21/2016 16:00,24.559,-96.059,4.368,1457.7,15.07728424,-2038
10/22/2016 0:00,24.526,-96.084,4.365,1455.8,13.1552613,-2181
10/22/2016 8:00,24.508,-96.108,4.382,1454.9,10.45074638,-2313
10/22/2016 16:00,24.481,-96.117,4.368,NaN,12.11108996,-2524
10/23/2016 0:00,24.45,-96.136,4.352,1448.8,12.33202741,-2530
10/23/2016 8:00,24.421,-96.143,4.359,1453.7,10.11328829,-2451
10/23/2016 16:00,24.399,-96.147,4.344,1453.7,12.33775101,-2425
10/24/2016 0:00,24.358,-96.152,4.356,1454.2,9.861465408,-2497
10/24/2016 8:00,24.348,-96.146,4.353,1452.1,6.154689269,-2513
10/24/2016 16:00,24.326,-96.147,4.334,1452.1,9.020448991,-2505
10/25/2016 0:00,24.301,-96.145,4.346,1453.8,8.8319024,-2260
10/25/2016 8:00,24.281,-96.14,4.34,1452.4,8.676041724,-2265
10/25/2016 16:00,24.257,-96.134,4.317,1456.6,8.092372952,-2261
10/26/2016 0:00,24.241,-96.126,4.312,1453.9,8.757630958,-2079
10/26/2016 8:00,24.213,-96.123,4.301,1449.5,9.582197034,-2077
10/26/2016 16:00,24.192,-96.12,4.321,1452.6,6.094989746,-2175
10/27/2016 0:00,24.182,-96.131,4.306,1452.4,5.801146438,-2119
10/27/2016 8:00,24.164,-96.132,4.306,1451.8,7.254929359,-2112
10/27/2016 16:00,24.145,-96.125,4.301,1452.8,7.257506459,-2293
10/28/2016 0:00,24.126,-96.13,4.324,1452.9,6.936000288,-2394
10/28/2016 8:00,24.109,-96.132,4.302,1454.4,5.024519878,-2408
10/28/2016 16:00,24.101,-96.136,4.319,1452,3.243763247,-2383
10/29/2016 0:00,24.093,-96.136,4.308,1455.6,6.776761764,-2370
10/29/2016 8:00,24.067,-96.127,4.304,1452.4,7.875258726,-2325
10/29/2016 16:00,24.052,-96.138,4.304,1452.2,4.623905276,-2242
10/30/2016 0:00,24.043,-96.133,4.305,1453.1,4.756185446,-2237
10/30/2016 8:00,24.028,-96.132,4.304,1451.6,6.740007418,-2197
10/30/2016 16:00,24.008,-96.133,4.307,1453.1,6.884540653,-2173
10/31/2016 0:00,23.993,-96.133,4.298,1451.2,5.069250438,-2169
10/31/2016 8:00,23.983,-96.139,4.305,1452.6,5.558650915,-2154
10/31/2016 16:00,23.964,-96.135,4.303,1449.6,7.880101522,-2191
11/1/2016 0:00,23.942,-96.14,4.309,1454.3,5.3295497,-2230
11/1/2016 8:00,23.938,-96.146,4.299,1454,4.562948608,-2207
11/1/2016 16:00,23.921,-96.152,4.294,1450.8,7.013429974,-2286
11/2/2016 0:00,23.902,-96.154,4.31,1453.4,7.013201837,-2385
11/2/2016 8:00,23.885,-96.16,4.297,1451.6,6.486246989,-2380
11/2/2016 16:00,23.873,-96.172,4.306,1452.3,6.707145443,-2303
11/3/2016 0:00,23.853,-96.175,4.306,1454,6.81510088,-2232
11/3/2016 8:00,23.84,-96.186,4.31,1452.6,4.951767361,-2191
11/3/2016 16:00,23.836,-96.195,4.312,1453.4,2.673013281,-2162
11/4/2016 0:00,23.833,-96.199,4.31,1453.8,3.069136686,-2148
11/4/2016 8:00,23.825,-96.207,4.306,1452.7,3.712276929,-2117
11/4/2016 16:00,23.821,-96.215,4.314,1453.8,3.005395149,-2089
11/5/2016 0:00,23.824,-96.224,4.303,1455.1,2.633191979,-2063
11/5/2016 8:00,23.826,-96.229,4.305,1452.4,3.591684841,-2053
11/5/2016 16:00,23.824,-96.245,4.321,1454,4.662027456,-2014
11/6/2016 0:00,23.832,-96.255,4.321,1454.5,3.566356684,-1992
11/6/2016 8:00,23.838,-96.258,4.308,1454.1,4.857211134,-1988
11/6/2016 16:00,23.853,-96.27,4.318,1453,5.884666516,-1985
11/7/2016 0:00,23.861,-96.28,4.326,1454.8,5.676090204,-1987
11/7/2016 8:00,23.876,-96.289,4.325,1455.6,6.325037549,-2050
11/7/2016 16:00,23.891,-96.294,4.335,1456.8,4.986792556,-2098
11/8/2016 0:00,23.901,-96.295,4.335,1456,5.338923112,-2101
11/8/2016 8:00,23.918,-96.301,4.336,1457.2,6.139218191,-2035
11/8/2016 16:00,23.933,-96.303,4.33,1457.3,5.729825477,-1964
11/9/2016 0:00,23.947,-96.293,4.333,1456.8,6.875929028,-1929
11/9/2016 8:00,23.959,-96.276,4.339,1458.3,6.495544627,-1923
11/9/2016 16:00,23.966,-96.262,4.336,1458.3,6.614809143,-1970
11/10/2016 0:00,23.987,-96.255,4.338,1457.6,6.080542739,-2068
11/10/2016 8:00,23.986,-96.236,4.321,1456.3,5.338857556,-2073
11/10/2016 16:00,23.992,-96.226,4.345,1459.4,5.683326491,-2075
11/11/2016 0:00,24.002,-96.209,4.338,1456.4,6.899101391,-2068
11/11/2016 8:00,24.007,-96.19,4.341,1459.1,4.920376002,-2058
11/11/2016 16:00,24.013,-96.183,4.346,1459,5.491247581,-2078
11/12/2016 0:00,24.028,-96.169,4.352,1459.7,5.986000334,-2119
11/12/2016 8:00,24.037,-96.163,4.356,1461.1,4.750157892,-2144
11/12/2016 16:00,24.052,-96.162,4.351,1459.9,4.025940884,-2186
11/13/2016 0:00,24.057,-96.154,4.363,1461.4,2.592624153,-2219
11/13/2016 8:00,24.065,-96.159,4.351,1459.4,2.47008097,-2211
11/13/2016 16:00,24.069,-96.158,4.348,1456.7,1.428425707,-2233
11/14/2016 0:00,24.07,-96.165,4.343,1458.4,1.901920082,-2205
11/14/2016 8:00,24.078,-96.162,4.341,1455.4,2.28162223,-2238
11/14/2016 16:00,24.082,-96.164,4.335,1458.1,1.61644672,-2231
11/15/2016 0:00,24.081,-96.154,4.338,1458.7,0.793095202,-2280
11/15/2016 8:00,24.085,-96.167,4.34,1458.8,2.886000693,-2224
11/15/2016 16:00,24.093,-96.163,4.337,1457.3,3.437397271,-2247
11/16/2016 0:00,24.1,-96.158,4.334,1457.9,2.152603075,-2286
11/16/2016 8:00,24.097,-96.152,4.338,1458.3,1.211651765,-2307
11/16/2016 16:00,24.099,-96.151,4.331,1458.7,2.587740327,-2307
11/17/2016 0:00,24.111,-96.153,4.333,1458.4,3.582764296,-2301
11/17/2016 8:00,24.117,-96.147,4.33,1456.9,3.070260575,-2318
11/17/2016 16:00,24.108,-96.136,4.335,1457.9,0.749666593,-2387
11/18/2016 0:00,24.119,-96.15,4.33,1457,3.17370446,-2290
11/18/2016 8:00,24.125,-96.14,4.331,1456.3,3.423813663,-2364
11/18/2016 16:00,24.128,-96.133,4.331,1458.6,1.650757402,-2394
11/19/2016 0:00,24.129,-96.132,4.33,1457.6,1.370036496,-2394
11/19/2016 8:00,24.132,-96.126,4.325,1457.6,2.683076592,-2399
11/19/2016 16:00,24.143,-96.13,4.333,1458.7,1.76638048,-2277
11/20/2016 0:00,24.141,-96.128,4.335,1457.5,2.384806072,-2329
11/20/2016 8:00,24.153,-96.138,4.324,1457.4,2.531244753,-2176
11/20/2016 16:00,24.153,-96.134,4.328,1456.5,0.525547334,-2209
11/21/2016 0:00,24.15,-96.137,4.329,1457,1.933494246,-2235
11/21/2016 8:00,24.161,-96.141,4.326,1456.2,1.450310312,-2035
11/21/2016 16:00,24.157,-96.134,4.322,1457.6,1.059905656,-2174
11/22/2016 0:00,24.166,-96.138,4.333,1457.7,2.861782661,-2052
11/22/2016 8:00,24.171,-96.14,4.333,1458.9,1.044461584,-2055
11/22/2016 16:00,24.17,-96.142,4.328,1457.2,1.322762261,-2032
11/23/2016 0:00,24.176,-96.146,4.327,1455.9,2.322606295,-2044
11/23/2016 8:00,24.18,-96.15,4.331,1456,1.142847321,-2072
11/23/2016 16:00,24.179,-96.151,4.324,1457.4,0.331209903,-2048
11/24/2016 0:00,24.181,-96.152,4.332,1458.4,2.170437744,-2072
11/24/2016 8:00,24.183,-96.163,4.321,1456.3,2.220360331,-2052
11/24/2016 16:00,24.184,-96.164,4.33,1458.4,1.535838533,-2066
11/25/2016 0:00,24.184,-96.171,4.321,1456.2,2.512468905,-2038
11/25/2016 8:00,24.185,-96.178,4.324,1456.5,1.740402252,-2024
11/25/2016 16:00,24.187,-96.181,4.321,1456.5,1.147693339,-2011
11/26/2016 0:00,24.191,-96.18,4.315,1455.9,0.784920378,-2007
11/26/2016 8:00,24.184,-96.177,4.318,1456.2,1.911072997,-2024
11/26/2016 16:00,24.183,-96.173,4.321,1456.5,0.214709106,-2031
11/27/2016 0:00,24.183,-96.177,4.317,1457.7,0.296816442,-2020
11/27/2016 8:00,24.183,-96.174,4.321,1457.9,0.608029605,-2031
11/27/2016 16:00,24.18,-96.179,4.319,1455.4,1.897814533,-2020
11/28/2016 0:00,24.173,-96.17,4.324,1456.4,1.535219854,-2032
11/28/2016 8:00,24.173,-96.175,4.32,1457.1,1.148085363,-2023
11/28/2016 16:00,24.17,-96.176,4.32,1454.6,1.759602228,-2023
11/29/2016 0:00,24.164,-96.172,4.327,1457.8,2.451224184,-2035
11/29/2016 8:00,24.158,-96.171,4.324,1458.8,1.603277892,-2059
11/29/2016 16:00,24.157,-96.17,4.324,1458.8,1.640121947,-2064
11/30/2016 0:00,24.152,-96.164,4.326,1458.1,1.649393828,-2089
11/30/2016 8:00,24.148,-96.171,4.324,1457,0.878009112,-2095
11/30/2016 16:00,24.15,-96.168,4.326,1459,1.628557644,-2102
12/1/2016 0:00,24.145,-96.163,4.322,1455.8,1.267793359,-2133
12/1/2016 8:00,24.144,-96.164,4.336,1459.3,1.457154762,-2133
12/1/2016 16:00,24.146,-96.171,4.322,1457.8,1.118302285,-2095
12/2/2016 0:00,24.148,-96.159,4.321,1458.5,2.507927431,-2123
12/2/2016 8:00,24.142,-96.157,4.327,1459.2,1.943707797,-2164
12/2/2016 16:00,24.154,-96.151,4.334,1458,3.67763511,-2117
12/3/2016 0:00,24.159,-96.147,4.332,1458.5,2.557831112,-2058
12/3/2016 8:00,24.163,-96.14,4.332,1458.1,2.851701247,-2052
12/3/2016 16:00,24.166,-96.133,4.335,1459.7,3.823414704,-2112
12/4/2016 0:00,24.173,-96.121,4.341,1460.3,4.489008799,-2152
12/4/2016 8:00,24.181,-96.113,4.33,1458.9,4.863784535,-2193
12/4/2016 16:00,24.182,-96.095,4.338,1460.4,2.750163631,-2206
12/5/2016 0:00,24.181,-96.097,4.352,1460.2,3.00935209,-2229
12/5/2016 8:00,24.195,-96.086,4.349,1459.4,4.615560638,-2204
12/5/2016 16:00,24.193,-96.075,4.332,1460.3,3.190109716,-2234
12/6/2016 0:00,24.185,-96.071,4.35,1462.3,3.783807606,-2265
12/6/2016 8:00,24.183,-96.055,4.366,1463.3,4.740042194,-2370
12/6/2016 16:00,24.191,-96.044,4.333,1458.9,3.086502875,-2416
12/7/2016 0:00,24.188,-96.039,4.356,1460.7,1.050190459,-2432
12/7/2016 8:00,24.192,-96.039,4.37,1461.2,4.975339184,-2433
12/7/2016 16:00,24.192,-96.011,4.346,1461,6.413376646,-2462
12/8/2016 0:00,24.183,-96.004,4.348,1460.8,3.19249119,-2447
12/8/2016 8:00,24.181,-95.996,4.375,1463.5,5.112386918,-2449
12/8/2016 16:00,24.193,-95.977,4.353,1461.4,6.802124668,-2461
12/9/2016 0:00,24.182,-95.958,4.35,1461,5.53401301,-2436
12/9/2016 8:00,24.176,-95.952,4.397,1466.9,1.690088755,-2448
12/9/2016 16:00,24.179,-95.949,4.361,1461.9,3.997199019,-2454
12/10/2016 0:00,24.169,-95.93,4.359,1461.9,7.662075437,-2545
12/10/2016 8:00,24.147,-95.923,4.365,1462.2,6.143695956,-2570
12/10/2016 16:00,24.139,-95.918,4.383,1464,2.316139029,-2565
12/11/2016 0:00,24.136,-95.92,4.348,1459.5,4.103961501,-2555
12/11/2016 8:00,24.12,-95.909,4.371,1466.2,6.924254473,-2541
12/11/2016 16:00,24.104,-95.902,4.36,1459.4,5.442738281,-2551
12/12/2016 0:00,24.093,-95.898,4.35,1461.5,4.627321039,-2561
12/12/2016 8:00,24.08,-95.9,4.37,1464,5.440560633,-2541
12/12/2016 16:00,24.066,-95.89,4.354,1461.5,6.23866973,-2584
12/13/2016 0:00,24.051,-95.884,4.358,1461.4,6.803601987,-2601
12/13/2016 8:00,24.032,-95.879,4.379,1464.3,8.073078719,-2628
12/13/2016 16:00,24.009,-95.887,4.368,1462.6,8.114733514,-2621
12/14/2016 0:00,23.99,-95.883,4.355,1462.2,9.510757068,-2636
12/14/2016 8:00,23.96,-95.888,4.392,1466.7,10.04456072,-2642
12/14/2016 16:00,23.944,-95.909,4.38,1461.9,9.951386838,-2617
12/15/2016 0:00,23.917,-95.919,4.362,1462.5,9.65216038,-2605
12/15/2016 8:00,23.901,-95.937,4.381,1465.2,9.818401092,-2595
12/15/2016 16:00,23.893,-95.969,4.363,1464.3,8.874649289,-2532
12/16/2016 0:00,23.885,-95.984,4.374,1462.8,4.586556442,-2497
12/16/2016 8:00,23.884,-95.993,4.359,1464,4.527306042,-2496
12/16/2016 16:00,23.882,-96.01,4.363,1463,5.191165572,-2465
12/17/2016 0:00,23.883,-96.022,4.374,1466.2,4.125736298,-2432
12/17/2016 8:00,23.884,-96.033,4.365,1463.9,3.987994483,-2416
12/17/2016 16:00,23.89,-96.043,4.367,1462.4,3.683069372,-2406
12/18/2016 0:00,23.897,-96.049,4.374,1462.6,3.202030606,-2399
12/18/2016 8:00,23.9,-96.058,4.381,1465.9,3.155724956,-2401
12/18/2016 16:00,23.909,-96.061,4.368,1464.1,2.978338463,-2401
12/19/2016 0:00,23.915,-96.062,4.364,1464.2,1.854211423,-2404
12/19/2016 8:00,23.917,-96.067,4.376,1465.4,2.324177274,-2405
12/19/2016 16:00,23.926,-96.067,4.378,1463.9,1.543794028,-2409
12/20/2016 0:00,23.925,-96.069,4.367,1463,1.523220273,-2406
12/20/2016 8:00,23.921,-96.075,4.376,1465.5,1.06400188,-2405
12/20/2016 16:00,23.921,-96.064,4.363,1464.7,1.474720312,-2408
12/21/2016 0:00,23.924,-96.067,4.371,1465.2,2.857271426,-2406
12/21/2016 8:00,23.907,-96.061,4.376,1465.1,1.469863939,-2400
12/21/2016 16:00,23.917,-96.065,4.363,1463.5,2.096139308,-2405
12/22/2016 0:00,23.908,-96.049,4.369,1464.5,4.549912087,-2396
12/22/2016 8:00,23.896,-96.052,4.374,1462.6,2.872507615,-2400
12/22/2016 16:00,23.894,-96.049,4.363,1462.9,1.452446212,-2402
12/23/2016 0:00,23.892,-96.045,4.361,1464.2,3.174728335,-2402
12/23/2016 8:00,23.88,-96.038,4.372,1466.4,4.626499757,-2420
12/23/2016 16:00,23.869,-96.037,4.363,1463.4,3.572618088,-2431
12/24/2016 0:00,23.862,-96.037,4.359,1464.4,2.308354392,-2435
12/24/2016 8:00,23.857,-96.039,4.375,1464.9,3.136654268,-2425
12/24/2016 16:00,23.847,-96.029,4.35,1463,4.590533738,-2453
12/25/2016 0:00,23.836,-96.029,4.362,1464.1,3.511409973,-2445
12/25/2016 8:00,23.829,-96.035,4.356,1462.9,1.906856051,-2400
12/25/2016 16:00,23.826,-96.025,4.356,1463.8,3.805798208,-2437
12/26/2016 0:00,23.812,-96.025,4.351,1461.7,5.515260647,-2459
12/26/2016 8:00,23.798,-96.023,4.363,1463.9,3.142292157,-2541
12/26/2016 16:00,23.799,-96.036,4.352,1461.9,2.045702813,-2498
12/27/2016 0:00,23.787,-96.021,4.357,1462.7,5.365743192,-2619
12/27/2016 8:00,23.772,-96.03,4.368,1465.3,3.958092975,-2680
12/27/2016 16:00,23.778,-96.041,4.348,1461.9,1.285651586,-2664
12/28/2016 0:00,23.771,-96.023,4.351,1463.2,4.594714355,-2670
12/28/2016 8:00,23.757,-96.029,4.375,1464.7,4.858991665,-2672
12/28/2016 16:00,23.754,-96.044,4.356,1465.1,1.550806242,-2667
12/29/2016 0:00,23.753,-96.036,4.341,1463.3,2.159282288,-2670
12/29/2016 8:00,23.745,-96.037,4.364,1465,3.044010512,-2659
12/29/2016 16:00,23.739,-96.043,4.35,1463,1.53,-2649
12/30/2016 0:00,23.741,-96.045,4.359,1464.3,1.159482643,-2649
12/30/2016 8:00,23.74,-96.037,4.362,1464.7,2.675556017,-2653
12/30/2016 16:00,23.728,-96.04,4.356,1463.4,3.686217574,-2628
12/31/2016 0:00,23.724,-96.048,4.359,1465.4,1.382787041,-2612
12/31/2016 8:00,23.726,-96.048,4.356,1464.6,0.905538514,-2620
12/31/2016 16:00,23.725,-96.043,4.353,1463,2.160856312,-2615
1/1/2017 0:00,23.718,-96.04,4.357,1463.3,2.300543414,-2613
1/1/2017 8:00,23.716,-96.052,4.367,1464,1.234827923,-2593
1/1/2017 16:00,23.724,-96.043,4.355,1462.9,3.088122407,-2615
1/2/2017 0:00,23.712,-96.035,4.356,1463.9,2.656482637,-2610
1/2/2017 8:00,23.712,-96.05,4.349,1463.4,2.729853476,-2589
1/2/2017 16:00,23.716,-96.05,4.357,1465.2,2.25977875,-2593
1/3/2017 0:00,23.713,-96.037,4.358,1464,2.155643755,-2614
1/3/2017 8:00,23.706,-96.044,4.358,1462.7,2.083866598,-2598
1/3/2017 16:00,23.708,-96.048,4.354,1464.6,1.150391238,-2592
1/4/2017 0:00,23.706,-96.038,4.36,1464.2,2.872159466,-2603
1/4/2017 8:00,23.699,-96.036,4.357,1464.4,1.717236151,-2609
1/4/2017 16:00,23.698,-96.043,4.355,1464.4,0.514003891,-2598
1/5/2017 0:00,23.697,-96.037,4.359,1464.4,1.457737974,-2609
1/5/2017 8:00,23.691,-96.041,4.356,1464.7,1.861719635,-2609
1/5/2017 16:00,23.689,-96.044,4.362,1464.7,1.211981848,-2604
1/6/2017 0:00,23.69,-96.047,4.359,1463.5,1.486371421,-2599
1/6/2017 8:00,23.682,-96.045,4.358,1464.7,1.918462926,-2614
1/6/2017 16:00,23.68,-96.05,4.355,1465.1,1.42411376,-2605
1/7/2017 0:00,23.68,-96.053,4.352,1465.4,1.606393476,-2605
1/7/2017 8:00,23.672,-96.052,4.348,1463,2.04247399,-2620
1/7/2017 16:00,23.67,-96.056,4.355,1462.6,1.73104015,-2624
1/8/2017 0:00,23.667,-96.06,4.352,1464.6,1.069626103,-2622
1/8/2017 8:00,23.666,-96.06,4.341,1462.7,3.012640038,-2626
1/8/2017 16:00,23.654,-96.07,4.343,1464.3,3.295345202,-2619
1/9/2017 0:00,23.655,-96.074,4.352,1465.5,1.603807969,-2619
1/9/2017 8:00,23.653,-96.079,4.339,1462.3,0.350142828,-2614
1/9/2017 16:00,23.655,-96.076,4.334,1462.4,1.960229578,-2618
1/10/2017 0:00,23.645,-96.073,4.345,1463.7,1.903785702,-2608
1/10/2017 8:00,23.646,-96.075,4.35,1464,3.324169069,-2610
1/10/2017 16:00,23.661,-96.076,4.331,1464.2,2.596150997,-2620
1/11/2017 0:00,23.656,-96.066,4.34,1464.6,1.898420396,-2624
1/11/2017 8:00,23.654,-96.069,4.35,1464.5,2.599769221,-2619
1/11/2017 16:00,23.66,-96.08,4.333,1463.7,1.742871194,-2619
1/12/2017 0:00,23.663,-96.069,4.335,1463.8,1.999649969,-2622
1/12/2017 8:00,23.665,-96.069,4.349,1463.1,2.55988281,-2622
1/12/2017 16:00,23.672,-96.079,4.343,1464,3.879304061,-2606
1/13/2017 0:00,23.683,-96.078,4.337,1463.1,3.267323063,-2574
1/13/2017 8:00,23.685,-96.066,4.351,1465.5,1.92608411,-2579
1/13/2017 16:00,23.691,-96.071,4.345,1463.9,3.118733717,-2548
1/14/2017 0:00,23.701,-96.069,4.347,1464.5,3.118926097,-2535
1/14/2017 8:00,23.705,-96.063,4.344,1463.6,2.254617484,-2553
1/14/2017 16:00,23.711,-96.064,4.346,1464,1.67,-2557
1/15/2017 0:00,23.714,-96.063,4.355,1464.4,1.951640336,-2563
1/15/2017 8:00,23.721,-96.062,4.344,1463.9,2.498839731,-2592
1/15/2017 16:00,23.727,-96.062,4.347,1464,1.451137485,-2602
1/16/2017 0:00,23.728,-96.067,4.358,1466.7,1.535219854,-2579
1/16/2017 8:00,23.733,-96.067,4.345,1464.4,1.808258831,-2591
1/16/2017 16:00,23.737,-96.069,4.339,1463.8,1.485530208,-2601
1/17/2017 0:00,23.738,-96.062,4.347,1465.6,1.135649594,-2632
1/17/2017 8:00,23.743,-96.067,4.357,1464.7,1.164001718,-2617
1/17/2017 16:00,23.742,-96.067,4.338,1463.3,0.284429253,-2617
1/18/2017 0:00,23.743,-96.069,4.342,1465.3,1.071680923,-2617
1/18/2017 8:00,23.747,-96.067,4.351,1465.9,0.72277244,-2625
1/18/2017 16:00,23.746,-96.068,4.348,1464.1,0.417252921,-2625
1/19/2017 0:00,23.746,-96.068,4.338,1463.8,0.573149195,-2625
1/19/2017 8:00,23.747,-96.071,4.347,1465.3,0.420475921,-2609
1/19/2017 16:00,23.744,-96.068,4.355,1466.7,0.73545904,-2617
1/20/2017 0:00,23.743,-96.07,4.345,1464.9,1.819587865,-2617
1/20/2017 8:00,23.737,-96.075,4.338,1465.4,1.60449369,-2570
1/20/2017 16:00,23.735,-96.071,4.352,1465.1,0.671788657,-2587
1/21/2017 0:00,23.734,-96.078,4.347,1464.9,1.680029762,-2570
1/21/2017 8:00,23.732,-96.08,4.332,1464.5,1.289496026,-2544
1/21/2017 16:00,23.728,-96.081,4.351,1467.5,2.182200724,-2531
1/22/2017 0:00,23.722,-96.084,4.344,1464.9,1.661475248,-2499
1/22/2017 8:00,23.721,-96.086,4.337,1464.5,0.690796642,-2499
1/22/2017 16:00,23.718,-96.086,4.347,1465.3,2.036000982,-2484
1/23/2017 0:00,23.713,-96.079,4.354,1465.9,2.851560976,-2511
1/23/2017 8:00,23.704,-96.084,4.339,1462.8,1.957881508,-2456
1/23/2017 16:00,23.71,-96.09,4.345,1465.3,0.849588136,-2434
1/24/2017 0:00,23.707,-96.087,4.343,1464.9,2.376257562,-2453
1/24/2017 8:00,23.701,-96.099,4.35,1464.9,3.154583966,-2401
1/24/2017 16:00,23.706,-96.105,4.332,1464.5,2.140373799,-2390
1/25/2017 0:00,23.69,-96.099,4.334,1464,4.81,-2472
1/25/2017 8:00,23.683,-96.094,4.353,1465.4,2.461300469,-2545
1/25/2017 16:00,23.68,-96.108,4.333,1464.4,0.855862138,-2497
1/26/2017 0:00,23.678,-96.094,4.333,1465.5,3.529886684,-2575
1/26/2017 8:00,23.672,-96.089,4.361,1468.6,2.699796289,-2604
1/26/2017 16:00,23.664,-96.092,4.347,1465.1,1.844586675,-2618
1/27/2017 0:00,23.663,-96.093,4.331,1464.9,0.962133047,-2618
1/27/2017 8:00,23.661,-96.087,4.352,1466.4,1.619413474,-2619
1/27/2017 16:00,23.655,-96.094,4.36,1467,3.445954149,-2608
1/28/2017 0:00,23.648,-96.1,4.324,1463.8,0.99744674,-2564
1/28/2017 8:00,23.653,-96.1,4.347,1465.5,1.68940818,-2570
1/28/2017 16:00,23.64,-96.105,4.357,1466.6,2.657536453,-2539
1/29/2017 0:00,23.645,-96.112,4.324,1464.3,0.980459076,-2533
1/29/2017 8:00,23.645,-96.105,4.327,1463.9,1.718284028,-2543
1/29/2017 16:00,23.641,-96.121,4.362,1467.4,4.16043267,-2512
1/30/2017 0:00,23.633,-96.125,4.329,1465.1,2.15288179,-2515
1/30/2017 8:00,23.632,-96.127,4.341,1464.8,0.614003257,-2515
1/30/2017 16:00,23.636,-96.126,4.33,1466.5,2.350914716,-2511
1/31/2017 0:00,23.627,-96.14,4.34,1465.5,1.83934771,-2516
1/31/2017 8:00,23.63,-96.133,4.343,1465.3,0.236008474,-2513
1/31/2017 16:00,23.628,-96.138,4.33,1465.5,2.122498528,-2516
2/1/2017 0:00,23.619,-96.13,4.333,1466.1,2.172302925,-2533
2/1/2017 8:00,23.616,-96.138,4.339,1466.4,1.556663098,-2536
2/1/2017 16:00,23.616,-96.138,4.338,1466.1,1.263210196,-2536
2/2/2017 0:00,23.617,-96.131,4.333,1465.4,1.401320806,-2533
2/2/2017 8:00,23.609,-96.141,4.351,1468,1.812898232,-2540
2/2/2017 16:00,23.611,-96.138,4.349,1466.1,0.30016662,-2540
2/3/2017 0:00,23.611,-96.141,4.33,1466.1,1.385712813,-2540
2/3/2017 8:00,23.605,-96.142,4.363,1469.1,1.936517493,-2535
2/3/2017 16:00,23.606,-96.151,4.364,1467.5,2.696145397,-2507
2/4/2017 0:00,23.591,-96.14,4.33,1464.1,3.288966403,-2531
2/4/2017 8:00,23.59,-96.155,4.35,1467.1,3.376225703,-2463
2/4/2017 16:00,23.589,-96.159,4.363,1467.4,0.845990544,-2462
2/5/2017 0:00,23.586,-96.158,4.329,1464.6,2.781726083,-2458
2/5/2017 8:00,23.576,-96.167,4.341,1466.1,3.358600899,-2452
2/5/2017 16:00,23.57,-96.166,4.348,1467.2,1.569235483,-2435
2/6/2017 0:00,23.568,-96.168,4.343,1465.9,1.364184738,-2432
2/6/2017 8:00,23.564,-96.169,4.337,1466,2.831960452,-2421
2/6/2017 16:00,23.554,-96.166,4.338,1466.4,3.13389534,-2388
2/7/2017 0:00,23.548,-96.175,4.357,1466.4,2.136000936,-2350
2/7/2017 8:00,23.544,-96.173,4.329,1466.1,1.132828319,-2339
2/7/2017 16:00,23.543,-96.174,4.341,1467.7,3.630881436,-2339
2/8/2017 0:00,23.525,-96.173,4.362,1468,4.616373035,-2249
2/8/2017 8:00,23.519,-96.18,4.333,1466.2,1.275813466,-2221
2/8/2017 16:00,23.52,-96.178,4.349,1467.6,3.283062595,-2220
2/9/2017 0:00,23.504,-96.172,4.353,1468.4,5.032871944,-2147
2/9/2017 8:00,23.494,-96.177,4.362,1467.4,3.489828076,-2095
2/9/2017 16:00,23.491,-96.185,4.343,1466.9,1.430034965,-2080
2/10/2017 0:00,23.486,-96.177,4.361,1469.6,4.252152396,-2074
2/10/2017 8:00,23.473,-96.17,4.356,1468.1,4.603270576,-2106
2/10/2017 16:00,23.47,-96.195,4.354,1468,3.799289407,-2057
2/11/2017 0:00,23.47,-96.192,4.356,1467.8,3.164127052,-2057
2/11/2017 8:00,23.457,-96.184,4.353,1468.8,5.832392305,-2076
2/11/2017 16:00,23.44,-96.196,4.357,1467.1,4.959727815,-2082
2/12/2017 0:00,23.445,-96.209,4.348,1467.5,2.301390884,-1990
2/12/2017 8:00,23.44,-96.209,4.355,1469.5,3.196826551,-1996
2/12/2017 16:00,23.429,-96.205,4.353,1468.1,5.07276059,-2079
2/13/2017 0:00,23.418,-96.225,4.348,1467.2,4.275792324,-1965
2/13/2017 8:00,23.424,-96.228,4.341,1467.2,0.730616178,-1969
2/13/2017 16:00,23.416,-96.221,4.353,1468.3,2.69081772,-1963
2/14/2017 0:00,23.411,-96.234,4.338,1465.8,4.297906467,-1989
2/14/2017 8:00,23.402,-96.24,4.337,1468.8,2.79885691,-2028
2/14/2017 16:00,23.404,-96.248,4.337,1468.5,1.454647724,-2076
2/15/2017 0:00,23.404,-96.248,4.341,1467.3,2.355185768,-2076
2/15/2017 8:00,23.395,-96.238,4.321,1465.9,1.814745161,-2077
2/15/2017 16:00,23.397,-96.254,4.341,1467.7,1.381918956,-2133
2/16/2017 0:00,23.4,-96.244,4.348,1466.4,1.671406593,-2066
2/16/2017 8:00,23.394,-96.246,4.313,1464.3,3.131293662,-2118
2/16/2017 16:00,23.391,-96.259,4.336,1466.8,3.615812495,-2216
2/17/2017 0:00,23.399,-96.265,4.335,1467.3,1.310343466,-2221
2/17/2017 8:00,23.386,-96.264,4.342,1467.2,3.306055051,-2246
2/17/2017 16:00,23.385,-96.275,4.324,1464.7,0.924391692,-2307
2/18/2017 0:00,23.383,-96.268,4.325,1465.2,2.065962246,-2273
2/18/2017 8:00,23.377,-96.267,4.339,1465.8,2.480181445,-2277
2/18/2017 16:00,23.383,-96.282,4.328,1466.3,1.989195817,-2319
2/19/2017 0:00,23.381,-96.278,4.328,1466.9,1.851296843,-2309
2/19/2017 8:00,23.374,-96.28,4.342,1467.8,3.316157415,-2321
2/19/2017 16:00,23.367,-96.29,4.34,1467.4,3.289376841,-2326
2/20/2017 0:00,23.379,-96.298,4.331,1466.5,1.717236151,-2321
2/20/2017 8:00,23.375,-96.295,4.33,1465.8,1.982044399,-2325
2/20/2017 16:00,23.372,-96.307,4.345,1467.4,3.763787986,-2312
2/21/2017 0:00,23.371,-96.316,4.331,1467,2.57437371,-2285
2/21/2017 8:00,23.373,-96.321,4.316,1467.1,0.906200861,-2251
2/21/2017 16:00,23.373,-96.321,4.332,1466.3,1.756502206,-2251
2/22/2017 0:00,23.366,-96.327,4.33,1467,3.606715958,-2261
2/22/2017 8:00,23.372,-96.341,4.321,1467.6,3.709838271,-2253
2/22/2017 16:00,23.372,-96.347,4.32,1466.6,2.006638981,-2262
2/23/2017 0:00,23.367,-96.351,4.335,1467.8,2.552743622,-2264
2/23/2017 8:00,23.363,-96.357,4.325,1465.9,3.914856319,-2264
2/23/2017 16:00,23.362,-96.372,4.315,1466.9,4.244148914,-2264
2/24/2017 0:00,23.354,-96.379,4.318,1466.4,3.472635886,-2249
2/24/2017 8:00,23.354,-96.39,4.317,1466.4,3.971599174,-2223
2/24/2017 16:00,23.351,-96.401,4.311,1464.3,3.289376841,-2205
2/25/2017 0:00,23.349,-96.408,4.315,1466.5,3.328663395,-2206
2/25/2017 8:00,23.345,-96.419,4.314,1465.7,2.934825378,-2196
2/25/2017 16:00,23.345,-96.424,4.318,1465,2.328196727,-2192
2/26/2017 0:00,23.343,-96.432,4.31,1464.3,4.01758634,-2191
2/26/2017 8:00,23.342,-96.446,4.311,1465.3,3.914715826,-2208
2/26/2017 16:00,23.339,-96.453,4.307,1464.3,4.008515935,-2211
2/27/2017 0:00,23.331,-96.465,4.307,1464.5,4.653525545,-2221
2/27/2017 8:00,23.33,-96.478,4.305,1464,3.772002121,-2219
2/27/2017 16:00,23.325,-96.485,4.306,1465.8,3.297347419,-2219
2/28/2017 0:00,23.319,-96.492,4.303,1465.6,4.168752811,-2220
2/28/2017 8:00,23.313,-96.505,4.292,1464.5,4.034414456,-2201
2/28/2017 16:00,23.313,-96.514,4.306,1464.9,3.319036005,-2181
3/1/2017 0:00,23.309,-96.523,4.294,1463.9,3.608891797,-2175
3/1/2017 8:00,23.307,-96.533,4.294,1465.3,2.027140844,-2173
3/1/2017 16:00,23.306,-96.534,4.3,1465.6,2.065526567,-2164
3/2/2017 0:00,23.299,-96.542,4.294,1463.5,2.473155879,-2161
3/2/2017 8:00,23.301,-96.547,4.294,1464.2,2.120589541,-2149
3/2/2017 16:00,23.299,-96.553,4.297,1464.1,2.547508587,-2146
3/3/2017 0:00,23.291,-96.556,4.297,1463.6,2.404100663,-2146
3/3/2017 8:00,23.291,-96.564,4.292,1463.8,0.988433103,-2134
3/3/2017 16:00,23.292,-96.562,4.299,1463.7,2.054312537,-2136
3/4/2017 0:00,23.281,-96.567,4.298,1463.8,3.350373114,-2143
3/4/2017 8:00,23.281,-96.577,4.292,1463.8,0.93236259,-2137
3/4/2017 16:00,23.284,-96.571,4.293,1463.7,1.092245394,-2131
3/5/2017 0:00,23.278,-96.572,4.297,1464.5,2.758568469,-2148
3/5/2017 8:00,23.272,-96.58,4.298,1464.1,2.101547049,-2154
3/5/2017 16:00,23.277,-96.584,4.293,1462,1.58492902,-2143
3/6/2017 0:00,23.278,-96.574,4.298,1465.2,0.357351368,-2148
3/6/2017 8:00,23.276,-96.582,4.299,1464.8,3.623106402,-2145
3/6/2017 16:00,23.279,-96.595,4.297,1463.7,2.724261368,-2136
3/7/2017 0:00,23.284,-96.595,4.298,1464.5,1.954788991,-2111
3/7/2017 8:00,23.289,-96.596,4.291,1463,2.600999808,-2088
3/7/2017 16:00,23.286,-96.609,4.284,1463.5,3.581131106,-2057
3/8/2017 0:00,23.297,-96.615,4.298,1463.3,2.325962167,-1998
3/8/2017 8:00,23.298,-96.606,4.292,1464.2,1.025914226,-2032
3/8/2017 16:00,23.292,-96.614,4.282,1462.5,3.241681662,-2010
3/9/2017 0:00,23.303,-96.624,4.294,1464.1,3.414747428,-1951
3/9/2017 8:00,23.309,-96.613,4.294,1464.2,0.522398315,-1971
3/9/2017 16:00,23.303,-96.621,4.285,1462.9,1.517432041,-1951
3/10/2017 0:00,23.308,-96.621,4.29,1464.2,2.131900561,-1941
3/10/2017 8:00,23.314,-96.618,4.294,1464.7,0.687313611,-1946
3/10/2017 16:00,23.308,-96.625,4.294,1463.5,2.303128307,-1929
3/11/2017 0:00,23.318,-96.63,4.283,1463.4,2.730952215,-1903
3/11/2017 8:00,23.322,-96.621,4.294,1465.1,1.508509198,-1926
3/11/2017 16:00,23.311,-96.629,4.294,1463.8,2.359745749,-1921
3/12/2017 0:00,23.326,-96.634,4.282,1461.9,2.302172887,-1898
3/12/2017 8:00,23.322,-96.625,4.288,1463.4,1.322459829,-1913
3/12/2017 16:00,23.321,-96.629,4.3,1466,2.700703612,-1913
3/13/2017 0:00,23.326,-96.639,4.285,1462.9,2.988394218,-1891
3/13/2017 8:00,23.336,-96.634,4.285,1464,2.180481598,-1910
3/13/2017 16:00,23.333,-96.63,4.3,1464.2,1.255428214,-1911
3/14/2017 0:00,23.338,-96.641,4.29,1463.9,4.646245796,-1910
3/14/2017 8:00,23.356,-96.64,4.283,1463.4,3.256086608,-1918
3/14/2017 16:00,23.354,-96.634,4.286,1465.2,1.013163363,-1928
3/15/2017 0:00,23.359,-96.636,4.297,1463.7,3.773075668,-1930
3/15/2017 8:00,23.371,-96.643,4.286,1463.1,4.597934319,-1915
3/15/2017 16:00,23.383,-96.637,4.286,1464.7,3.832075156,-1947
3/16/2017 0:00,23.387,-96.63,4.296,1465.7,3.108456208,-1960
3/16/2017 8:00,23.399,-96.64,4.284,1464,5.785257125,-1955
3/16/2017 16:00,23.417,-96.633,4.286,1464.2,5.31978383,-1976
3/17/2017 0:00,23.422,-96.624,4.288,1465.5,3.269571837,-1997
3/17/2017 8:00,23.432,-96.625,4.3,1465.2,4.599913043,-1987
3/17/2017 16:00,23.445,-96.619,4.288,1465.1,5.662684876,-2005
3/18/2017 0:00,23.46,-96.615,4.292,1464.5,5.318966065,-1998
3/18/2017 8:00,23.471,-96.61,4.299,1466.6,4.75688974,-1989
3/18/2017 16:00,23.484,-96.607,4.289,1464.1,5.262166854,-1976
3/19/2017 0:00,23.497,-96.6,4.293,1465,5.016383159,-1971
3/19/2017 8:00,23.506,-96.593,4.294,1465.7,3.832727488,-1963
3/19/2017 16:00,23.516,-96.593,4.289,1464.6,5.721197427,-1950
3/20/2017 0:00,23.534,-96.582,4.291,1464.6,5.670317451,-1950
3/20/2017 8:00,23.539,-96.574,4.289,1464.1,3.791477285,-1961
3/20/2017 16:00,23.545,-96.564,4.287,1464.7,3.843032657,-1975
3/21/2017 0:00,23.554,-96.559,4.291,1463.8,4.138852498,-1968
3/21/2017 8:00,23.558,-96.546,4.289,1465,4.925403537,-1972
3/21/2017 16:00,23.558,-96.532,4.291,1465.4,3.73202358,-1978
3/22/2017 0:00,23.552,-96.526,4.292,1466.4,2.525490051,-1984
3/22/2017 8:00,23.553,-96.518,4.298,1466.1,3.709460877,-1985
3/22/2017 16:00,23.546,-96.506,4.312,1466.9,6.654697589,-1995
3/23/2017 0:00,23.54,-96.484,4.306,1467,7.927805497,-2030
3/23/2017 8:00,23.517,-96.474,4.304,1468,6.681691403,-2005
3/23/2017 16:00,23.51,-96.464,4.326,1469.1,6.375303914,-2028
3/24/2017 0:00,23.495,-96.447,4.315,1468.3,10.32601569,-2070
3/24/2017 8:00,23.467,-96.429,4.318,1472.1,7.464650025,-2130
3/24/2017 16:00,23.458,-96.435,4.316,1467.8,2.640018939,-2156
3/25/2017 0:00,23.454,-96.429,4.314,1467.1,5.40378571,-2160
3/25/2017 8:00,23.439,-96.412,4.316,1467.5,6.838318507,-2160
3/25/2017 16:00,23.422,-96.412,4.318,1468.1,3.453983208,-2166
3/26/2017 0:00,23.422,-96.417,4.312,1467.9,1.282497563,-2171
3/26/2017 8:00,23.421,-96.405,4.312,1467.5,3.234594256,-2164
3/26/2017 16:00,23.412,-96.403,4.313,1468,2.777138815,-2173
3/27/2017 0:00,23.407,-96.401,4.318,1467.6,0.726154254,-2178
3/27/2017 8:00,23.408,-96.404,4.315,1468.3,0.920217366,-2178
3/27/2017 16:00,23.407,-96.396,4.314,1467.1,2.604323329,-2179
3/28/2017 0:00,23.399,-96.393,4.312,1468.3,1.041201229,-2192
3/28/2017 8:00,23.402,-96.396,4.324,1468.3,1.626898891,-2184
3/28/2017 16:00,23.407,-96.396,4.313,1468.7,1.836355085,-2179
3/29/2017 0:00,23.404,-96.386,4.32,1469.1,1.402925515,-2199
3/29/2017 8:00,23.401,-96.392,4.318,1469.2,1.125877436,-2187
3/29/2017 16:00,23.405,-96.392,4.318,1468.5,0.97867257,-2181
3/30/2017 0:00,23.406,-96.391,4.313,1468.7,0.59405387,-2186
3/30/2017 8:00,23.404,-96.39,4.318,1469.2,0.158113883,-2192
3/30/2017 16:00,23.406,-96.392,4.324,1468.6,1.921067412,-2181
3/31/2017 0:00,23.413,-96.392,4.315,1469.2,1.051522705,-2171
3/31/2017 8:00,23.409,-96.387,4.327,1469.2,0.95131488,-2186
3/31/2017 16:00,23.41,-96.388,4.324,1469.1,1.046900186,-2181
4/1/2017 0:00,23.413,-96.392,4.325,1469.4,1.113058848,-2171
4/1/2017 8:00,23.415,-96.391,4.323,1469.5,0.778781099,-2175
4/1/2017 16:00,23.412,-96.387,4.325,1469.8,1.025524256,-2186
4/2/2017 0:00,23.41,-96.394,4.32,1468.9,1.927537289,-2176
4/2/2017 8:00,23.42,-96.394,4.326,1469.8,2.129812198,-2167
4/2/2017 16:00,23.418,-96.385,4.33,1470.3,1.463728117,-2175
4/3/2017 0:00,23.414,-96.389,4.318,1469.1,1.61993827,-2175
4/3/2017 8:00,23.416,-96.394,4.327,1470,1.61644672,-2171
4/3/2017 16:00,23.422,-96.392,4.328,1471.1,1.025524256,-2163
4/4/2017 0:00,23.418,-96.389,4.327,1469.6,2.610938529,-2170
4/4/2017 8:00,23.414,-96.404,4.319,1468.7,2.724151244,-2169
4/4/2017 16:00,23.421,-96.404,4.337,1470.9,0.578705452,-2163
4/5/2017 0:00,23.411,-96.403,4.33,1469.1,2.873081969,-2173
4/5/2017 8:00,23.407,-96.41,4.318,1467.4,1.746138597,-2179
4/5/2017 16:00,23.409,-96.413,4.331,1468.1,0.408044115,-2178
4/6/2017 0:00,23.409,-96.409,4.335,1471.1,1.119732111,-2175
4/6/2017 8:00,23.403,-96.411,4.322,1470.6,2.55415348,-2182
4/6/2017 16:00,23.403,-96.422,4.323,1471.9,2.062474242,-2189
4/7/2017 0:00,23.408,-96.421,4.337,1469.2,0.170880075,-2187
4/7/2017 8:00,23.402,-96.423,4.319,1470,3.418844834,-2189
4/7/2017 16:00,23.4,-96.439,4.325,1469.1,3.720215048,-2197
4/8/2017 0:00,23.402,-96.444,4.322,1471.1,0.545618915,-2194
4/8/2017 8:00,23.399,-96.442,4.327,1469.2,2.257542912,-2196
4/8/2017 16:00,23.393,-96.452,4.327,1469.5,3.855645212,-2195
4/9/2017 0:00,23.403,-96.463,4.327,1470.4,3.435127363,-2196
4/9/2017 8:00,23.408,-96.463,4.325,1469.6,1.690266251,-2198
4/9/2017 16:00,23.396,-96.469,4.326,1471.1,4.563726547,-2199
4/10/2017 0:00,23.404,-96.489,4.326,1470.2,4.334016613,-2189
4/10/2017 8:00,23.41,-96.488,4.324,1470.6,1.400714104,-2184
4/10/2017 16:00,23.409,-96.495,4.323,1469.6,5.100794056,-2180
4/11/2017 0:00,23.409,-96.517,4.324,1470.4,4.311577438,-2192
4/11/2017 8:00,23.419,-96.516,4.325,1468.7,1.768219443,-2185
4/11/2017 16:00,23.418,-96.519,4.312,1468.3,3.197889929,-2184
4/12/2017 0:00,23.427,-96.532,4.327,1470.6,4.631684359,-2169
4/12/2017 8:00,23.435,-96.538,4.325,1469.9,5.420747181,-2160
4/12/2017 16:00,23.449,-96.55,4.322,1469.6,3.801105102,-2144
4/13/2017 0:00,23.454,-96.545,4.307,1469.2,2.884024965,-2144
4/13/2017 8:00,23.464,-96.555,4.331,1469.9,4.589172039,-2120
4/13/2017 16:00,23.471,-96.563,4.316,1468.1,6.495536929,-2106
4/14/2017 0:00,23.497,-96.563,4.316,1467.6,6.482815746,-2063
4/14/2017 8:00,23.504,-96.557,4.327,1468.7,3.420058479,-2070
4/14/2017 16:00,23.514,-96.562,4.318,1468.8,4.210961885,-2037
4/15/2017 0:00,23.525,-96.557,4.325,1469.4,5.317866113,-2026
4/15/2017 8:00,23.541,-96.554,4.318,1469.5,5.631571717,-2000
4/15/2017 16:00,23.545,-96.534,4.333,1473.1,5.74429282,-1994
4/16/2017 0:00,23.558,-96.528,4.33,1469.9,5.017907931,-1979
4/16/2017 8:00,23.567,-96.518,4.333,1471.1,5.671014019,-1966
4/16/2017 16:00,23.574,-96.5,4.346,1472.9,7.943330536,-1975
4/17/2017 0:00,23.564,-96.473,4.353,1472,10.38087665,-2014
4/17/2017 8:00,23.551,-96.448,4.354,1473.1,10.74841384,-2043
4/17/2017 16:00,23.535,-96.421,4.371,1475.6,9.472169762,-2093
4/18/2017 0:00,23.519,-96.406,4.376,1475.3,11.46642054,-2107
4/18/2017 8:00,23.484,-96.388,4.377,1475.2,10.55250681,-2133
4/18/2017 16:00,23.465,-96.408,4.379,1477,7.184260574,-2137
4/19/2017 0:00,23.458,-96.417,4.386,1475.2,3.385276946,-2149
4/19/2017 8:00,23.448,-96.415,4.374,1475.5,6.995977416,-2156
4/19/2017 16:00,23.434,-96.447,4.364,1474.7,11.08406063,-2174
4/20/2017 0:00,23.45,-96.477,4.374,1475.8,11.19208649,-2187
4/20/2017 8:00,23.481,-96.485,4.389,1475.9,7.886494785,-2082
4/20/2017 16:00,23.491,-96.476,4.361,1474.5,4.105337989,-2047
4/21/2017 0:00,23.501,-96.477,4.368,1473.8,8.273481734,-2019
4/21/2017 8:00,23.534,-96.474,4.375,1475.7,11.43695764,-2051
4/21/2017 16:00,23.545,-96.433,4.359,1475.2,12.15664427,-2073
4/22/2017 0:00,23.525,-96.406,4.376,1475.7,10.11769242,-2109
4/22/2017 8:00,23.51,-96.39,4.414,1479.7,10.4340069,-2114
4/22/2017 16:00,23.491,-96.36,4.376,1476.3,11.32892316,-2145
4/23/2017 0:00,23.465,-96.35,4.378,1476.9,11.26634368,-2152
4/23/2017 8:00,23.433,-96.356,4.415,1478.2,11.96448912,-2195
4/23/2017 16:00,23.405,-96.367,4.409,1478.6,8.76196325,-2221
4/24/2017 0:00,23.394,-96.382,4.417,1478.3,4.981977519,-2220
4/24/2017 8:00,23.393,-96.392,4.388,1477.6,6.519877299,-2197
4/24/2017 16:00,23.39,-96.419,4.398,1477.6,9.708398426,-2185
4/25/2017 0:00,23.409,-96.444,4.409,1475.4,9.889155677,-2189
4/25/2017 8:00,23.438,-96.439,4.4,1478.3,8.735090154,-2179
4/25/2017 16:00,23.445,-96.415,4.371,1474.9,6.692660159,-2159
4/26/2017 0:00,23.459,-96.408,4.389,1476.8,9.098857071,-2140
4/26/2017 8:00,23.458,-96.366,4.369,1475.2,11.89146332,-2143
4/26/2017 16:00,23.431,-96.348,4.379,1476.4,12.13188361,-2200
4/27/2017 0:00,23.403,-96.332,4.405,1477.1,16.07046981,-2245
4/27/2017 8:00,23.351,-96.322,4.386,1478.9,15.84245562,-2289
4/27/2017 16:00,23.327,-96.366,4.395,1478,8.825247872,-2261
4/28/2017 0:00,23.332,-96.367,4.407,1479.1,5.15050483,-2252
4/28/2017 8:00,23.307,-96.385,4.399,1482.4,12.5365386,-2226
4/28/2017 16:00,23.296,-96.426,4.394,1478,12.26669067,-2201
4/29/2017 0:00,23.327,-96.451,4.398,1478.6,11.25917404,-2206
4/29/2017 8:00,23.354,-96.421,4.391,1479.1,14.40740088,-2190
4/29/2017 16:00,23.346,-96.372,4.417,1480.4,15.25131142,-2250
4/30/2017 0:00,23.295,-96.364,4.403,1480.3,12.16427967,-2291
4/30/2017 8:00,23.285,-96.39,4.408,1479.3,4.522001769,-2239
4/30/2017 16:00,23.281,-96.385,4.391,1476.4,8.046179217,-2253
5/1/2017 0:00,23.245,-96.378,4.372,1474.6,11.81135047,-2281
5/1/2017 8:00,23.229,-96.421,4.389,1477.5,11.37281408,-2136
5/1/2017 16:00,23.252,-96.441,4.417,1481.6,4.363312962,-2149
5/2/2017 0:00,23.252,-96.417,4.405,1476.5,5.400490718,-2135
5/2/2017 8:00,23.23,-96.422,4.366,1475.6,4.549637348,-2136
5/2/2017 16:00,23.231,-96.43,4.4,1477.2,4.760042017,-2128
5/3/2017 0:00,23.216,-96.401,4.376,1479.4,13.47712877,-2193
5/3/2017 8:00,23.171,-96.391,4.383,1469.9,16.85995255,-2215
5/3/2017 16:00,23.132,-96.429,4.378,1478.5,15.93517493,-2204
5/4/2017 0:00,23.135,-96.472,4.383,1474.7,9.668841709,-2111
5/4/2017 8:00,23.155,-96.477,4.406,1476.6,3.162419959,-2027
5/4/2017 16:00,23.149,-96.464,4.378,1473.3,2.951779125,-2091
5/5/2017 0:00,23.14,-96.474,4.378,1475,2.260022124,-2097
5/5/2017 8:00,23.138,-96.463,4.389,1478.8,6.767045145,-2118
5/5/2017 16:00,23.11,-96.453,4.384,1475.2,11.86890475,-2229
5/6/2017 0:00,23.077,-96.455,4.379,1473.3,10.94603581,-2283
5/6/2017 8:00,23.065,-96.49,4.374,1472.6,7.11840572,-2234
5/6/2017 16:00,23.061,-96.492,4.376,1470.4,6.752095971,-2231
5/7/2017 0:00,23.051,-96.525,4.361,1473.2,7.041022653,-2197
5/7/2017 8:00,23.062,-96.531,4.359,1472.4,4.249258759,-2212
5/7/2017 16:00,23.071,-96.535,4.376,1472.8,3.014050431,-2176
5/8/2017 0:00,23.06,-96.515,4.376,1473.1,3.492062428,-2178
5/8/2017 8:00,23.058,-96.522,4.361,1471.9,5.642871609,-2190
5/8/2017 16:00,23.03,-96.516,4.369,1471.5,8.82621663,-2206
5/9/2017 0:00,23.014,-96.538,4.368,1472.5,8.765500556,-2184
5/9/2017 8:00,23.01,-96.56,4.37,1471.7,3.40812265,-2101
5/9/2017 16:00,23.018,-96.557,4.361,1470.7,1.248118584,-2127
5/10/2017 0:00,23.016,-96.563,4.357,1467.1,4.172001918,-2108
5/10/2017 8:00,23.001,-96.571,4.371,1472.3,4.100780414,-2049
5/10/2017 16:00,23.017,-96.586,4.36,1469.2,5.220239458,-2107
5/11/2017 0:00,23.028,-96.571,4.361,1472.4,6.719538675,-2140
5/11/2017 8:00,22.999,-96.553,4.362,1472,8.360053828,-2107
5/11/2017 16:00,22.985,-96.571,4.365,1471.8,8.543845738,-1980
5/12/2017 0:00,22.987,-96.6,4.352,1472.3,5.013551635,-1930
5/12/2017 8:00,22.997,-96.596,4.36,1472.4,1.270983871,-1993
5/12/2017 16:00,22.986,-96.607,4.35,1470.9,4.131597754,-1924
5/13/2017 0:00,22.999,-96.619,4.352,1471.2,5.770207969,-1958
5/13/2017 8:00,23.015,-96.61,4.358,1471.9,4.700351051,-2046
5/13/2017 16:00,23.01,-96.595,4.368,1473.6,4.375225708,-2065
5/14/2017 0:00,22.995,-96.601,4.345,1470.6,3.622278289,-1966
5/14/2017 8:00,22.999,-96.612,4.356,1473.1,3.430830803,-1974
5/14/2017 16:00,23.009,-96.611,4.367,1472.6,0.680955211,-2030
5/15/2017 0:00,22.998,-96.609,4.353,1470.3,3.424762766,-1974
5/15/2017 8:00,22.993,-96.619,4.353,1473.2,2.753633963,-1940
5/15/2017 16:00,22.992,-96.623,4.359,1471.4,3.365902554,-1931
5/16/2017 0:00,23,-96.636,4.349,1470.1,3.298302594,-1913
5/16/2017 8:00,23.008,-96.63,4.355,1472.8,2.689628227,-1961
5/16/2017 16:00,23.014,-96.634,4.356,1472.3,0.990202,-1984
5/17/2017 0:00,23.003,-96.628,4.358,1472,1.146342008,-1956
5/17/2017 8:00,23.018,-96.639,4.343,1471.2,2.835365938,-1988
5/17/2017 16:00,23.016,-96.62,4.352,1473.2,2.228990803,-2030
5/18/2017 0:00,23.006,-96.64,4.356,1471.5,4.784401739,-1932
5/18/2017 8:00,23.021,-96.647,4.347,1470.1,6.702954572,-1958
5/18/2017 16:00,23.036,-96.621,4.341,1470.4,6.962083022,-2091
5/19/2017 0:00,23.019,-96.608,4.357,1471,7.12682959,-2068
5/19/2017 8:00,23.003,-96.638,4.353,1471.6,7.488711505,-1915
5/19/2017 16:00,23.036,-96.646,4.349,1470.1,8.381610824,-1982
5/20/2017 0:00,23.038,-96.611,4.354,1471.2,8.796141199,-2116
5/20/2017 8:00,23.007,-96.608,4.353,1470.8,8.089548813,-2020
5/20/2017 16:00,23.006,-96.64,4.35,1471.7,7.646934026,-1932
5/21/2017 0:00,23.021,-96.648,4.355,1472.1,2.421672975,-1958
5/21/2017 8:00,23.018,-96.637,4.338,1470.9,1.071540946,-2002
5/21/2017 16:00,23.023,-96.642,4.352,1470.1,4.12534847,-1988
5/22/2017 0:00,23.035,-96.651,4.356,1472.9,6.099483585,-1935
5/22/2017 8:00,23.055,-96.644,4.344,1469.7,6.437468447,-2029
5/22/2017 16:00,23.057,-96.624,4.345,1470.8,3.20326396,-2112
5/23/2017 0:00,23.043,-96.631,4.349,1470.1,1.436802004,-2090
5/23/2017 8:00,23.062,-96.629,4.354,1471.6,7.910309728,-2093
5/23/2017 16:00,23.068,-96.595,4.34,1469.4,6.894940174,-2078
5/24/2017 0:00,23.049,-96.593,4.344,1470.5,6.496991612,-2123
5/24/2017 8:00,23.034,-96.6,4.355,1472.8,3.137658363,-2121
5/24/2017 16:00,23.035,-96.603,4.362,1473.2,1.14061387,-2115
5/25/2017 0:00,23.037,-96.606,4.348,1471.7,0.666108099,-2110
5/25/2017 8:00,23.032,-96.603,4.348,1470.5,2.435282324,-2107
5/25/2017 16:00,23.03,-96.617,4.359,1472.5,5.379256454,-2085
5/26/2017 0:00,23.037,-96.633,4.345,1471.3,2.494794581,-2072
5/26/2017 8:00,23.04,-96.627,4.341,1471.8,4.442082845,-2094
5/26/2017 16:00,23.04,-96.608,4.355,1472.1,4.779424652,-2120
5/27/2017 0:00,23.062,-96.615,4.352,1472.5,5.230611819,-2110
5/27/2017 8:00,23.067,-96.608,4.351,1472,5.690035149,-2077
5/27/2017 16:00,23.067,-96.584,4.346,1471.7,4.992364169,-2091
5/28/2017 0:00,23.052,-96.584,4.352,1472.9,3.4505217,-2122
5/28/2017 8:00,23.049,-96.583,4.351,1471.7,2.180022936,-2136
5/28/2017 16:00,23.049,-96.573,4.35,1472.8,2.422601907,-2160
5/29/2017 0:00,23.037,-96.579,4.354,1472,5.712162463,-2147
5/29/2017 8:00,23.038,-96.603,4.354,1472.4,5.330741037,-2122
5/29/2017 16:00,23.053,-96.604,4.354,1474.3,4.712844152,-2124
5/30/2017 0:00,23.062,-96.595,4.351,1471.6,4.774693707,-2094
5/30/2017 8:00,23.072,-96.587,4.352,1472.7,3.696281916,-2083
5/30/2017 16:00,23.072,-96.577,4.353,1473.9,3.575611836,-2104
5/31/2017 0:00,23.066,-96.567,4.362,1472.3,1.726528308,-2160
5/31/2017 8:00,23.076,-96.569,4.349,1470.9,2.495135267,-2129
5/31/2017 16:00,23.071,-96.554,4.353,1472.4,4.265231529,-2194
6/1/2017 0:00,23.059,-96.553,4.361,1473.1,3.528809998,-2236
6/1/2017 8:00,23.055,-96.565,4.353,1472.1,3.322167967,-2202
6/1/2017 16:00,23.058,-96.572,4.353,1472.5,3.092733419,-2148
6/2/2017 0:00,23.064,-96.579,4.356,1473.5,4.074616546,-2119
6/2/2017 8:00,23.077,-96.581,4.357,1473.6,4.892954118,-2085
6/2/2017 16:00,23.087,-96.568,4.353,1472.4,5.87776318,-2106
6/3/2017 0:00,23.1,-96.56,4.358,1473.2,5.245045281,-2071
6/3/2017 8:00,23.11,-96.551,4.339,1471.1,5.622970745,-2046
6/3/2017 16:00,23.104,-96.528,4.364,1474.3,3.570994259,-2052
6/4/2017 0:00,23.097,-96.536,4.355,1472,2.080817147,-2088
6/4/2017 8:00,23.094,-96.532,4.348,1472.2,2.87673426,-2091
6/4/2017 16:00,23.086,-96.525,4.366,1474.4,4.131755075,-2107
6/5/2017 0:00,23.074,-96.541,4.353,1472.7,5.30465833,-2186
6/5/2017 8:00,23.079,-96.554,4.352,1472.5,4.225872691,-2178
6/5/2017 16:00,23.083,-96.563,4.361,1472.8,4.770010482,-2137
6/6/2017 0:00,23.096,-96.574,4.353,1472.7,5.884114207,-2062
6/6/2017 8:00,23.113,-96.57,4.353,1472.7,6.044170745,-2038
6/6/2017 16:00,23.123,-96.556,4.353,1473.7,5.458809394,-2014
6/7/2017 0:00,23.127,-96.544,4.352,1473.1,6.001083236,-1976
6/7/2017 8:00,23.12,-96.523,4.357,1473.3,8.280392503,-1966
6/7/2017 16:00,23.094,-96.513,4.348,1476,6.515681085,-2074
6/8/2017 0:00,23.087,-96.531,4.351,1473.3,3.659521827,-2116
6/8/2017 8:00,23.087,-96.532,4.352,1472.9,2.422932108,-2116
6/8/2017 16:00,23.074,-96.532,4.351,1472.1,5.450229353,-2163
6/9/2017 0:00,23.069,-96.557,4.356,1474.4,6.875943572,-2205
6/9/2017 8:00,23.081,-96.57,4.349,1472.2,5.678661814,-2118
6/9/2017 16:00,23.097,-96.569,4.35,1474.6,6.647352857,-2071
6/10/2017 0:00,23.115,-96.568,4.353,1474.4,6.113763162,-2038
6/10/2017 8:00,23.121,-96.547,4.359,1472.8,5.256938272,-1999
6/10/2017 16:00,23.117,-96.538,4.349,1473.6,3.149920634,-1989
6/11/2017 0:00,23.114,-96.531,4.35,1473,4.164720879,-1993
6/11/2017 8:00,23.107,-96.517,4.363,1473.9,4.65948495,-2034
6/11/2017 16:00,23.094,-96.516,4.362,1473.1,5.660830328,-2074
6/12/2017 0:00,23.078,-96.524,4.357,1472.5,6.726551866,-2130
6/12/2017 8:00,23.061,-96.527,4.353,1473.1,6.0395778,-2195
6/12/2017 16:00,23.054,-96.546,4.355,1474,6.841344897,-2238
6/13/2017 0:00,23.058,-96.565,4.358,1473.3,5.544763295,-2202
6/13/2017 8:00,23.076,-96.566,4.349,1472.2,5.056332663,-2150
6/13/2017 16:00,23.083,-96.557,4.349,1473.2,2.804924241,-2160
6/14/2017 0:00,23.08,-96.551,4.356,1473.6,1.867029727,-2162
6/14/2017 8:00,23.077,-96.549,4.352,1473.2,2.47018218,-2177
6/14/2017 16:00,23.08,-96.537,4.356,1472.4,3.991553582,-2141
6/15/2017 0:00,23.069,-96.528,4.351,1474.3,6.909681614,-2169
6/15/2017 8:00,23.049,-96.516,4.355,1472,8.004405037,-2194
6/15/2017 16:00,23.03,-96.514,4.355,1472.7,8.632265056,-2206
6/16/2017 0:00,23.005,-96.519,4.35,1472.8,7.974371449,-2210
6/16/2017 8:00,22.993,-96.534,4.35,1473.4,6.746035873,-2165
6/16/2017 16:00,22.984,-96.549,4.35,1473.8,5.344314736,-2096
6/17/2017 0:00,22.989,-96.564,4.348,1471.8,3.268914193,-2024
6/17/2017 8:00,22.997,-96.561,4.348,1473.4,0.353553391,-2068
6/17/2017 16:00,22.991,-96.563,4.35,1474,1.486001346,-2024
6/18/2017 0:00,22.992,-96.568,4.35,1474,2.14580987,-2022
6/18/2017 8:00,23.002,-96.561,4.354,1474.8,5.466772357,-2079
6/18/2017 16:00,22.999,-96.538,4.35,1473.6,9.27458894,-2166
6/19/2017 0:00,22.975,-96.518,4.344,1473.4,8.79184281,-2140
6/19/2017 8:00,22.958,-96.517,4.347,1473,7.073132262,-2112
6/19/2017 16:00,22.939,-96.511,4.346,1473.4,8.730847611,-2147
6/20/2017 0:00,22.913,-96.511,4.335,1472.2,6.51429198,-2178
6/20/2017 8:00,22.907,-96.522,4.346,1475.8,6.015878988,-2159
6/20/2017 16:00,22.889,-96.532,4.35,1472.5,8.147594737,-2141
6/21/2017 0:00,22.868,-96.541,4.338,1473,5.313266415,-2114
6/21/2017 8:00,22.877,-96.559,4.341,1472.7,6.051528732,-2024
6/21/2017 16:00,22.883,-96.571,4.333,1472.6,1.905597019,-1968
6/22/2017 0:00,22.885,-96.565,4.338,1472.1,1.32196823,-1988
6/22/2017 8:00,22.884,-96.564,4.348,1470.9,0.34,-1988
6/22/2017 16:00,22.887,-96.565,4.333,1472.1,0.737902433,-1988
6/23/2017 0:00,22.886,-96.56,4.336,1472.7,4.994176609,-2007
6/23/2017 8:00,22.877,-96.539,4.347,1474.1,6.328506933,-2114
6/23/2017 16:00,22.864,-96.534,4.339,1472.2,6.176285291,-2126
6/24/2017 0:00,22.847,-96.528,4.336,1471.7,6.973757954,-2147
6/24/2017 8:00,22.828,-96.529,4.333,1471.7,7.872496427,-2161
6/24/2017 16:00,22.808,-96.54,4.339,1473.3,7.607108518,-2140
6/25/2017 0:00,22.792,-96.548,4.321,1471.2,6.288664405,-2121
6/25/2017 8:00,22.784,-96.564,4.332,1474,4.352298243,-2054
6/25/2017 16:00,22.776,-96.565,4.339,1471.4,4.781066827,-2031
6/26/2017 0:00,22.766,-96.583,4.327,1472.2,6.817074152,-1909
6/26/2017 8:00,22.772,-96.603,4.333,1472.1,4.808846015,-1900
6/26/2017 16:00,22.783,-96.602,4.34,1472.9,2.051974659,-1956
6/27/2017 0:00,22.783,-96.604,4.333,1472.2,1.315028517,-1956
6/27/2017 8:00,22.789,-96.607,4.331,1471.9,2.479233753,-2016
6/27/2017 16:00,22.795,-96.598,4.333,1473.3,2.593260496,-2011
6/28/2017 0:00,22.796,-96.595,4.327,1473.1,2.67,-2027
6/28/2017 8:00,22.801,-96.585,4.341,1472.2,4.282662723,-2053
6/28/2017 16:00,22.794,-96.571,4.318,1470.4,3.822983128,-2062
6/29/2017 0:00,22.783,-96.574,4.331,1471.1,3.093864897,-1991
6/29/2017 8:00,22.779,-96.564,4.339,1473.8,5.508330055,-2031
6/29/2017 16:00,22.767,-96.549,4.344,1473.4,6.100524568,-2119
6/30/2017 0:00,22.75,-96.551,4.32,1470.7,5.422324225,-2129
6/30/2017 8:00,22.741,-96.56,4.33,1473.1,4.434974634,-2097
6/30/2017 16:00,22.727,-96.554,4.339,1473.8,6.989778251,-2192
7/1/2017 0:00,22.707,-96.573,4.33,1471.9,6.884911038,-2179
7/1/2017 8:00,22.705,-96.585,4.324,1472.4,3.235382512,-2135
7/1/2017 16:00,22.704,-96.591,4.332,1472.9,3.218959459,-2117
7/2/2017 0:00,22.695,-96.599,4.335,1472.2,4.262405424,-2082
7/2/2017 8:00,22.695,-96.612,4.331,1472.6,4.193184947,-2064
7/2/2017 16:00,22.699,-96.622,4.33,1473.4,4.245703711,-2069
7/3/2017 0:00,22.712,-96.628,4.332,1472.1,4.397385587,-2061
7/3/2017 8:00,22.721,-96.629,4.332,1472.1,2.765230551,-2033
7/3/2017 16:00,22.726,-96.625,4.329,1473.6,1.532873119,-2022
7/4/2017 0:00,22.728,-96.627,4.333,1472.9,1.525516306,-2022
7/4/2017 8:00,22.732,-96.62,4.333,1473.5,3.7734467,-1998
7/4/2017 16:00,22.738,-96.609,4.333,1472.9,4.770838501,-1945
7/5/2017 0:00,22.723,-96.595,4.338,1472.2,5.869855194,-2070
7/5/2017 8:00,22.709,-96.598,4.329,1472.4,4.430553013,-2093
7/5/2017 16:00,22.7,-96.596,4.335,1473.5,4.611561558,-2088
7/6/2017 0:00,22.685,-96.598,4.343,1474,5.481505268,-2080
7/6/2017 8:00,22.673,-96.602,4.323,1472.7,5.642269047,-2076
7/6/2017 16:00,22.656,-96.604,4.324,1474.1,7.028698315,-2075
7/7/2017 0:00,22.647,-96.63,4.333,1472.7,6.710067064,-2088
7/7/2017 8:00,22.647,-96.64,4.329,1472,1.89,-2080
7/7/2017 16:00,22.647,-96.64,4.331,1471.9,3.987229615,-2080
7/8/2017 0:00,22.633,-96.657,4.333,1473.4,6.151828996,-2075
7/8/2017 8:00,22.642,-96.674,4.33,1472.7,4.454581911,-2040
7/8/2017 16:00,22.652,-96.672,4.331,1473.5,3.095948966,-2029
7/9/2017 0:00,22.658,-96.672,4.341,1474,2.150093021,-2021
7/9/2017 8:00,22.663,-96.672,4.333,1472.7,1.740402252,-2011
7/9/2017 16:00,22.665,-96.665,4.33,1473.6,3.501685309,-2040
7/10/2017 0:00,22.671,-96.655,4.345,1475,4.174805385,-2068
7/10/2017 8:00,22.675,-96.645,4.337,1474.5,3.870116277,-2072
7/10/2017 16:00,22.671,-96.633,4.34,1474.9,4.942802849,-2073
7/11/2017 0:00,22.657,-96.625,4.341,1474.4,4.503243276,-2087
7/11/2017 8:00,22.649,-96.625,4.346,1474.2,3.330975833,-2091
7/11/2017 16:00,22.64,-96.621,4.334,1474.3,3.549535181,-2098
7/12/2017 0:00,22.63,-96.623,4.345,1473.2,3.967883567,-2107
7/12/2017 8:00,22.62,-96.626,4.34,1474.1,4.64612742,-2116
7/12/2017 16:00,22.61,-96.637,4.341,1474.9,5.059525669,-2099
7/13/2017 0:00,22.614,-96.654,4.348,1475.2,5.435338076,-2075
7/13/2017 8:00,22.624,-96.663,4.341,1474.3,4.074616546,-2059
7/13/2017 16:00,22.635,-96.657,4.337,1475.8,3.532775113,-2073
7/14/2017 0:00,22.642,-96.663,4.349,1474.5,3.484723805,-2054
7/14/2017 8:00,22.653,-96.659,4.341,1474.5,4.97808196,-2054
7/14/2017 16:00,22.662,-96.645,4.345,1474.5,5.164929816,-2071
7/15/2017 0:00,22.669,-96.635,4.353,1475.5,4.945017695,-2074
7/15/2017 8:00,22.669,-96.618,4.347,1475.4,5.49568922,-2075
7/15/2017 16:00,22.667,-96.604,4.34,1473.4,5.296347798,-2076
7/16/2017 0:00,22.65,-96.597,4.345,1475.4,5.173490118,-2073
7/16/2017 8:00,22.641,-96.611,4.349,1475.4,2.46868386,-2089
7/16/2017 16:00,22.644,-96.609,4.349,1475.4,2.055066909,-2086
7/17/2017 0:00,22.631,-96.607,4.342,1474.2,4.932230733,-2093
7/17/2017 8:00,22.625,-96.628,4.342,1474.2,6.84299642,-2113
7/17/2017 16:00,22.627,-96.645,4.35,1475.2,5.81416374,-2085
7/18/2017 0:00,22.636,-96.658,4.338,1474.3,3.430830803,-2073
7/18/2017 8:00,22.641,-96.657,4.341,1474.2,2.529604712,-2070
7/18/2017 16:00,22.648,-96.666,4.341,1474.7,3.048294605,-2050
7/19/2017 0:00,22.651,-96.67,4.339,1474.6,3.621739913,-2037
7/19/2017 8:00,22.666,-96.661,4.333,1474.3,3.329384327,-2053
7/19/2017 16:00,22.666,-96.659,4.336,1475,2.620686933,-2053
7/20/2017 0:00,22.663,-96.647,4.344,1475.1,2.501999201,-2070
7/20/2017 8:00,22.665,-96.645,4.335,1473.5,1.582687588,-2071
7/20/2017 16:00,22.662,-96.638,4.334,1473.9,4.144405868,-2075
7/21/2017 0:00,22.648,-96.631,4.339,1474.5,5.052138161,-2088
7/21/2017 8:00,22.636,-96.636,4.333,1475.1,3.652464921,-2091
7/21/2017 16:00,22.63,-96.638,4.338,1473.9,3.385513255,-2088
7/22/2017 0:00,22.62,-96.644,4.333,1474.2,4.741571469,-2085
7/22/2017 8:00,22.611,-96.654,4.333,1472.7,4.58889965,-2073
7/22/2017 16:00,22.605,-96.664,4.341,1474.9,3.740401048,-2056
7/23/2017 0:00,22.605,-96.675,4.336,1473.9,2.418966722,-2033
7/23/2017 8:00,22.601,-96.677,4.331,1474.8,1.672991333,-2036
7/23/2017 16:00,22.605,-96.684,4.337,1475.1,2.78298401,-2012
7/24/2017 0:00,22.61,-96.69,4.335,1474.3,2.22,-1993
7/24/2017 8:00,22.616,-96.684,4.326,1474.8,2.176235281,-2003
7/24/2017 16:00,22.616,-96.68,4.343,1475.4,0.936803074,-2017
7/25/2017 0:00,22.621,-96.682,4.33,1475.5,2.837904156,-2015
7/25/2017 8:00,22.63,-96.674,4.331,1474.6,3.379659746,-2043
7/25/2017 16:00,22.627,-96.665,4.335,1476,2.501859309,-2060
7/26/2017 0:00,22.628,-96.66,4.334,1474.7,1.860430058,-2068
7/26/2017 8:00,22.627,-96.654,4.338,1474.2,1.645752108,-2078
7/26/2017 16:00,22.624,-96.652,4.337,1474.6,2.507688178,-2078
7/27/2017 0:00,22.616,-96.646,4.332,1474.2,3.171513834,-2080
7/27/2017 8:00,22.61,-96.642,4.335,1474.3,2.53007905,-2084
7/27/2017 16:00,22.603,-96.646,4.335,1475.1,3.406948782,-2077
7/28/2017 0:00,22.607,-96.661,4.336,1475.5,2.302889489,-2061
7/28/2017 8:00,22.61,-96.657,4.342,1476.5,0.955196315,-2068
7/28/2017 16:00,22.605,-96.656,4.339,1475.5,2.312249986,-2067
7/29/2017 0:00,22.608,-96.67,4.336,1475.1,4.847525142,-2049
7/29/2017 8:00,22.621,-96.677,4.333,1475.6,3.366437286,-2030
7/29/2017 16:00,22.625,-96.665,4.343,1475.9,1.925201288,-2059
7/30/2017 0:00,22.627,-96.668,4.344,1475.8,1.963084308,-2051
7/30/2017 8:00,22.635,-96.665,4.333,1475.4,3.335880693,-2059
7/30/2017 16:00,22.636,-96.652,4.33,1475,3.063608983,-2077
7/31/2017 0:00,22.639,-96.648,4.348,1475.8,2.145553542,-2077
7/31/2017 8:00,22.646,-96.647,4.338,1475,3.605689948,-2072
7/31/2017 16:00,22.647,-96.629,4.33,1475,4.53176566,-2091
8/1/2017 0:00,22.64,-96.623,4.336,1475.8,1.578131807,-2098
8/1/2017 8:00,22.64,-96.624,4.338,1475.3,0.568242906,-2098
8/1/2017 16:00,22.637,-96.621,4.334,1475.2,1.43836713,-2102
8/2/2017 0:00,22.638,-96.617,4.334,1475.6,0.78089692,-2096
8/2/2017 8:00,22.641,-96.622,4.338,1475.7,1.292516924,-2098
8/2/2017 16:00,22.641,-96.623,4.335,1474.7,1.489295135,-2098
8/3/2017 0:00,22.638,-96.63,4.338,1474.6,2.486764967,-2093
8/3/2017 8:00,22.647,-96.636,4.338,1475.3,3.442237644,-2084
8/3/2017 16:00,22.656,-96.632,4.338,1475.3,3.867738357,-2084
8/4/2017 0:00,22.667,-96.634,4.338,1475.3,4.651075145,-2074
8/4/2017 8:00,22.68,-96.637,4.35,1476.4,5.889821729,-2069
8/4/2017 16:00,22.697,-96.632,4.338,1474.9,7.078594493,-2065
8/5/2017 0:00,22.716,-96.628,4.33,1475,6.242467461,-2053
8/5/2017 8:00,22.721,-96.608,4.346,1476.3,6.275165336,-2027
8/5/2017 16:00,22.729,-96.596,4.336,1475.4,5.793901967,-2027
8/6/2017 0:00,22.742,-96.584,4.332,1476.2,5.582257608,-1966
8/6/2017 8:00,22.741,-96.568,4.345,1474.2,4.937053777,-2092
8/6/2017 16:00,22.744,-96.557,4.335,1475.8,4.117523528,-2111
8/7/2017 0:00,22.753,-96.549,4.33,1473.9,4.268044049,-2146
8/7/2017 8:00,22.755,-96.536,4.332,1474.4,4.225221888,-2194
8/7/2017 16:00,22.748,-96.526,4.322,1474.3,2.041886383,-2215
8/8/2017 0:00,22.753,-96.524,4.324,1475.1,1.906856051,-2211
8/8/2017 8:00,22.755,-96.518,4.334,1475.1,2.89456387,-2210
8/8/2017 16:00,22.758,-96.509,4.324,1475.1,2.129413065,-2200
8/9/2017 0:00,22.76,-96.507,4.329,1473.9,1.048093507,-2192
8/9/2017 8:00,22.76,-96.504,4.325,1475.5,1.054182147,-2165
8/9/2017 16:00,22.764,-96.503,4.33,1475.1,2.88646843,-2177
8/10/2017 0:00,22.773,-96.512,4.33,1475.5,2.759311508,-2205
8/10/2017 8:00,22.776,-96.51,4.336,1475.4,1.620771421,-2206
8/10/2017 16:00,22.782,-96.512,4.34,1475.4,2.887663415,-2207
8/11/2017 0:00,22.79,-96.516,4.338,1476.6,2.760072463,-2209
8/11/2017 8:00,22.795,-96.506,4.337,1474.6,1.373207923,-2213
8/11/2017 16:00,22.797,-96.512,4.34,1475.7,2.003397115,-2214
8/12/2017 0:00,22.8,-96.516,4.335,1476.2,2.344184293,-2210
8/12/2017 8:00,22.809,-96.512,4.334,1475.1,1.284562182,-2210
8/12/2017 16:00,22.804,-96.51,4.333,1475.1,0.553172667,-2214
8/13/2017 0:00,22.811,-96.509,4.344,1476.1,0.873155198,-2210
8/13/2017 8:00,22.809,-96.511,4.332,1476.6,1.803136157,-2210
8/13/2017 16:00,22.816,-96.501,4.335,1475.9,1.91650724,-2209
8/14/2017 0:00,22.805,-96.501,4.336,1475.4,3.53386474,-2209
8/14/2017 8:00,22.799,-96.508,4.336,1475.9,1.527416119,-2214
8/14/2017 16:00,22.806,-96.51,4.33,1474.6,2.616199534,-2212
8/15/2017 0:00,22.8,-96.493,4.339,1476.7,4.986271152,-2189
8/15/2017 8:00,22.786,-96.493,4.335,1476.4,3.014000664,-2173
8/15/2017 16:00,22.79,-96.507,4.327,1475.4,1.573086139,-2208
8/16/2017 0:00,22.793,-96.497,4.333,1475.6,3.755981896,-2195
8/16/2017 8:00,22.775,-96.494,4.329,1475.2,4.536353161,-2165
8/16/2017 16:00,22.77,-96.502,4.338,1476.1,1.79,-2184
8/17/2017 0:00,22.775,-96.504,4.323,1475.3,0.876413145,-2189
8/17/2017 8:00,22.769,-96.497,4.332,1475.9,2.847876402,-2169
8/17/2017 16:00,22.761,-96.501,4.327,1476.7,3.424222539,-2165
8/18/2017 0:00,22.752,-96.504,4.341,1474.2,3.269204796,-2138
8/18/2017 8:00,22.744,-96.506,4.325,1476.7,2.04435809,-2144
8/18/2017 16:00,22.743,-96.509,4.326,1473.5,2.830635971,-2160
8/19/2017 0:00,22.73,-96.511,4.337,1475.3,5.299745277,-2119
8/19/2017 8:00,22.717,-96.52,4.339,1476.6,4.801708029,-2030
8/19/2017 16:00,22.714,-96.531,4.323,1474.4,3.208878309,-2053
8/20/2017 0:00,22.706,-96.534,4.335,1476.4,5.422444098,-2089
8/20/2017 8:00,22.688,-96.542,4.337,1475.1,7.225025952,-2104
8/20/2017 16:00,22.674,-96.554,4.325,1473.7,5.968885993,-2132
8/21/2017 0:00,22.662,-96.56,4.327,1476,5.287655435,-2141
8/21/2017 8:00,22.649,-96.568,4.327,1474.4,4.479698651,-2122
8/21/2017 16:00,22.643,-96.575,4.326,1474.7,6.15,-2105
8/22/2017 0:00,22.63,-96.596,4.315,1475,5.99429729,-2084
8/22/2017 8:00,22.619,-96.597,4.32,1474,3.442048808,-2105
8/22/2017 16:00,22.615,-96.606,4.304,1474.7,2.992423767,-2117
8/23/2017 0:00,22.606,-96.605,4.318,1474.3,3.692384054,-2122
8/23/2017 8:00,22.599,-96.616,4.316,1473.7,3.90919429,-2116
8/23/2017 16:00,22.593,-96.622,4.306,1473.4,2.180825532,-2105
8/24/2017 0:00,22.59,-96.623,4.297,1473.1,2.001124684,-2105
8/24/2017 8:00,22.585,-96.63,4.316,1474.4,2.298368987,-2100
8/24/2017 16:00,22.581,-96.633,4.309,1472.6,2.185154457,-2103
8/25/2017 0:00,22.575,-96.634,4.299,1472.6,2.607834351,-2103
8/25/2017 8:00,22.568,-96.631,4.316,1474.5,3.576101229,-2110
8/25/2017 16:00,22.558,-96.625,4.302,1473.3,4.873079109,-2117
8/26/2017 0:00,22.545,-96.62,4.301,1472.3,4.197534991,-2127
8/26/2017 8:00,22.536,-96.623,4.327,1476,2.193649926,-2112
8/26/2017 16:00,22.534,-96.623,4.316,1474.1,2.378760181,-2112
8/27/2017 0:00,22.526,-96.616,4.324,1475.5,4.394963026,-2132
8/27/2017 8:00,22.511,-96.619,4.312,1474.4,4.338110188,-2132
8/27/2017 16:00,22.507,-96.629,4.312,1474,3.027688888,-2113
8/28/2017 0:00,22.498,-96.627,4.324,1473.7,3.483044645,-2124
8/28/2017 8:00,22.489,-96.627,4.315,1474.5,5.616493568,-2138
8/28/2017 16:00,22.469,-96.626,4.303,1473.8,6.150292676,-2181
8/29/2017 0:00,22.459,-96.64,4.31,1475.3,3.206275097,-2179
8/29/2017 8:00,22.455,-96.636,4.312,1473.4,2.033642053,-2190
8/29/2017 16:00,22.449,-96.636,4.3,1474.6,3.523464204,-2204
8/30/2017 0:00,22.438,-96.643,4.316,1474.6,3.189623802,-2215
8/30/2017 8:00,22.44,-96.651,4.302,1473.9,2.46221445,-2206
8/30/2017 16:00,22.44,-96.656,4.307,1473.1,1.416509795,-2198
8/31/2017 0:00,22.442,-96.659,4.307,1475,2.551430971,-2177
8/31/2017 8:00,22.441,-96.671,4.296,1472.8,3.927874743,-2143
8/31/2017 16:00,22.449,-96.68,4.306,1473.5,1.933313218,-2105
9/1/2017 0:00,22.448,-96.679,4.307,1473.6,2.163330765,-2116
9/1/2017 8:00,22.455,-96.69,4.303,1473.5,2.918304302,-2100
9/1/2017 16:00,22.461,-96.687,4.298,1474.4,1.551934277,-2114
9/2/2017 0:00,22.463,-96.688,4.297,1473.6,2.177200037,-2109
9/2/2017 8:00,22.467,-96.677,4.304,1474.5,1.811353085,-2124
9/2/2017 16:00,22.467,-96.679,4.303,1473.3,0.607289058,-2124
9/3/2017 0:00,22.47,-96.678,4.306,1475,3.29539072,-2124
9/3/2017 8:00,22.472,-96.662,4.304,1475.9,4.011645548,-2126
9/3/2017 16:00,22.462,-96.658,4.303,1473.1,1.944659353,-2156
9/4/2017 0:00,22.463,-96.666,4.307,1473.8,0.592368129,-2137
9/4/2017 8:00,22.461,-96.655,4.318,1473.9,2.684864987,-2156
9/4/2017 16:00,22.46,-96.651,4.3,1471.1,3.112362447,-2162
9/5/2017 0:00,22.447,-96.645,4.294,1471.4,4.260293417,-2195
9/5/2017 8:00,22.438,-96.651,4.314,1473.2,2.747580754,-2206
9/5/2017 16:00,22.435,-96.653,4.303,1473.4,2.522399651,-2218
9/6/2017 0:00,22.426,-96.646,4.291,1472.7,3.827531842,-2233
9/6/2017 8:00,22.416,-96.66,4.301,1473.9,5.026270984,-2191
9/6/2017 16:00,22.422,-96.674,4.294,1472.6,0.374833296,-2155
9/7/2017 0:00,22.416,-96.657,4.289,1471.8,1.814662503,-2204
9/7/2017 8:00,22.412,-96.674,4.3,1474.1,5.391335642,-2123
9/7/2017 16:00,22.422,-96.687,4.291,1472.2,4.414034436,-2066
9/8/2017 0:00,22.431,-96.689,4.301,1473.4,1.226417547,-2060
9/8/2017 8:00,22.427,-96.691,4.307,1473.4,2.475419156,-2050
9/8/2017 16:00,22.436,-96.701,4.299,1472.6,5.650221235,-2035
9/9/2017 0:00,22.45,-96.71,4.289,1472.6,4.61394625,-2044
9/9/2017 8:00,22.459,-96.709,4.299,1472.2,3.255764119,-2051
9/9/2017 16:00,22.467,-96.707,4.292,1471.9,2.568462575,-2064
9/10/2017 0:00,22.472,-96.713,4.287,1474.5,5.819364226,-2036
9/10/2017 8:00,22.497,-96.709,4.3,1473.3,8.512819744,-2032
9/10/2017 16:00,22.513,-96.694,4.297,1471.1,5.716082575,-2057
9/11/2017 0:00,22.52,-96.689,4.302,1474.1,4.671359545,-2059
9/11/2017 8:00,22.536,-96.687,4.307,1472.7,8.051645794,-2053
9/11/2017 16:00,22.559,-96.674,4.312,1474.5,8.840746575,-2051
9/12/2017 0:00,22.569,-96.653,4.31,1474.8,7.136455703,-2084
9/12/2017 8:00,22.572,-96.636,4.31,1472.1,5.045284928,-2103
9/12/2017 16:00,22.581,-96.628,4.325,1474.8,5.042301062,-2107
9/13/2017 0:00,22.587,-96.613,4.327,1477.2,5.647415338,-2114
9/13/2017 8:00,22.576,-96.596,4.342,1477.4,2.990819286,-2117
9/13/2017 16:00,22.577,-96.599,4.303,1476.5,0.902551938,-2117
9/14/2017 0:00,22.577,-96.601,4.338,1477.2,0.232594067,-2118
9/14/2017 8:00,22.577,-96.598,4.341,1478.7,2.173407463,-2117
9/14/2017 16:00,22.585,-96.609,4.334,1474.7,1.726788927,-2116
9/15/2017 0:00,22.583,-96.605,4.324,1476.4,2.297128642,-2118
9/15/2017 8:00,22.595,-96.617,4.339,1477.4,4.907728599,-2110
9/15/2017 16:00,22.608,-96.61,4.339,1478.2,4.597531947,-2121
9/16/2017 0:00,22.616,-96.606,4.345,1479.6,2.806439025,-2117
9/16/2017 8:00,22.623,-96.609,4.331,1477,3.696281916,-2110
9/16/2017 16:00,22.635,-96.603,4.345,1479.2,5.469963437,-2083
9/17/2017 0:00,22.641,-96.585,4.343,1478.1,5.50872036,-2088
9/17/2017 8:00,22.651,-96.578,4.349,1478,3.765979288,-2107
9/17/2017 16:00,22.659,-96.577,4.344,1478.7,3.397675676,-2113
9/18/2017 0:00,22.663,-96.563,4.353,1479.3,4.854739952,-2138
9/18/2017 8:00,22.651,-96.551,4.353,1479.7,3.067898303,-2143
9/18/2017 16:00,22.647,-96.565,4.35,1479.7,2.135064402,-2130
9/19/2017 0:00,22.648,-96.562,4.345,1480.4,2.400083332,-2136
9/19/2017 8:00,22.635,-96.565,4.356,1479.2,6.194513702,-2134
9/19/2017 16:00,22.623,-96.584,4.355,1479.2,6.943176506,-2105
9/20/2017 0:00,22.636,-96.603,4.338,1477.5,2.882117277,-2083
9/20/2017 8:00,22.632,-96.597,4.35,1480.1,3.093864897,-2084
9/20/2017 16:00,22.622,-96.612,4.352,1477.8,5.461327677,-2110
9/21/2017 0:00,22.624,-96.626,4.337,1477.5,2.080624906,-2113
9/21/2017 8:00,22.627,-96.623,4.348,1479.8,2.100690363,-2112
9/21/2017 16:00,22.616,-96.618,4.348,1479,5.260313679,-2124
9/22/2017 0:00,22.602,-96.633,4.336,1479.7,5.092317743,-2101
9/22/2017 8:00,22.594,-96.634,4.345,1480.4,4.114389384,-2094
9/22/2017 16:00,22.58,-96.634,4.353,1479.7,6.234821569,-2099
9/23/2017 0:00,22.563,-96.644,4.341,1478.6,8.129169699,-2090
9/23/2017 8:00,22.546,-96.659,4.346,1480.4,7.314314732,-2063
9/23/2017 16:00,22.532,-96.667,4.349,1478.6,6.99672066,-2064
9/24/2017 0:00,22.519,-96.686,4.316,1477.8,5.68172509,-2061
9/24/2017 8:00,22.513,-96.692,4.35,1480.9,3.515480053,-2057
9/24/2017 16:00,22.505,-96.698,4.345,1478.5,4.888598981,-2056
9/25/2017 0:00,22.494,-96.71,4.317,1474.8,4.638965402,-2034
9/25/2017 8:00,22.484,-96.711,4.322,1478.5,2.832401808,-2040
9/25/2017 16:00,22.48,-96.705,4.351,1479.7,1.49939988,-2057
9/26/2017 0:00,22.477,-96.708,4.322,1476.9,3.375574025,-2061
9/26/2017 8:00,22.465,-96.716,4.322,1480,3.314528624,-2039
9/26/2017 16:00,22.459,-96.71,4.339,1475.8,3.8647639,-2051
9/27/2017 0:00,22.447,-96.706,4.35,1477.7,4.471889981,-2050
9/27/2017 8:00,22.436,-96.711,4.315,1477.3,4.591089195,-2030
9/27/2017 16:00,22.424,-96.711,4.327,1480.3,4.691289801,-1996
9/28/2017 0:00,22.412,-96.71,4.33,1478.8,6.31696921,-1956
9/28/2017 8:00,22.392,-96.704,4.338,1475.9,6.410382204,-1926
9/28/2017 16:00,22.379,-96.71,4.327,1479,4.229917257,-1816
9/29/2017 0:00,22.374,-96.717,4.338,1479.1,4.797415971,-1823
9/29/2017 8:00,22.355,-96.716,4.326,1475.9,6.748881389,-1811
9/29/2017 16:00,22.34,-96.729,4.326,1477.9,6.917897079,-1870
9/30/2017 0:00,22.334,-96.748,4.332,1478.9,5.936505706,-1890
9/30/2017 8:00,22.336,-96.762,4.333,1480.8,2.528418478,-1914
9/30/2017 16:00,22.341,-96.759,4.331,1478.4,2.332380758,-1920
10/1/2017 0:00,22.325,-96.755,4.323,1478.3,4.819761405,-1907
10/1/2017 8:00,22.323,-96.777,4.327,1478.9,5.270787417,-1898
10/1/2017 16:00,22.336,-96.782,4.328,1478.8,3.896164781,-1921
10/2/2017 0:00,22.337,-96.762,4.327,1479.1,5.424463107,-1914
10/2/2017 8:00,22.335,-96.752,4.326,1480.5,2.811778796,-1900
10/2/2017 16:00,22.323,-96.757,4.335,1478.9,3.711091484,-1907
10/3/2017 0:00,22.315,-96.752,4.344,1479,4.193626116,-1925
10/3/2017 8:00,22.308,-96.74,4.334,1478.2,4.288822682,-2007
10/3/2017 16:00,22.295,-96.743,4.335,1480,4.222463736,-2061
10/4/2017 0:00,22.287,-96.746,4.335,1479.5,2.785821243,-2042
10/4/2017 8:00,22.283,-96.735,4.338,1479.4,5.899237239,-2038
10/4/2017 16:00,22.26,-96.732,4.332,1480.1,5.768275305,-2176
10/5/2017 0:00,22.254,-96.745,4.334,1479.9,2.6337236,-2158
10/5/2017 8:00,22.249,-96.742,4.338,1481.4,2.33430932,-2165
10/5/2017 16:00,22.243,-96.749,4.341,1481.5,2.720294102,-2174
10/6/2017 0:00,22.236,-96.746,4.331,1480,0.653069675,-2143
10/6/2017 8:00,22.239,-96.747,4.339,1481.2,1.843285111,-2154
10/6/2017 16:00,22.245,-96.747,4.345,1481.5,1.909397811,-2174
10/7/2017 0:00,22.247,-96.74,4.343,1480.8,3.104206823,-2170
10/7/2017 8:00,22.238,-96.731,4.34,1479.6,3.416211352,-2171
10/7/2017 16:00,22.229,-96.734,4.334,1479.6,1.750457083,-2096
10/8/2017 0:00,22.229,-96.731,4.343,1480.2,4.462790607,-2082
10/8/2017 8:00,22.211,-96.72,4.338,1477.8,5.488351301,-2143
10/8/2017 16:00,22.201,-96.724,4.326,1480.2,3.711401353,-2169
10/9/2017 0:00,22.193,-96.727,4.326,1481.2,3.214358412,-2157
10/9/2017 8:00,22.185,-96.728,4.33,1480.7,3.387107911,-2101
10/9/2017 16:00,22.175,-96.724,4.325,1479.2,3.866264347,-1928
10/10/2017 0:00,22.165,-96.733,4.324,1479.4,4.781401468,-1930
10/10/2017 8:00,22.167,-96.75,4.316,1479.3,4.261842325,-2013
10/10/2017 16:00,22.17,-96.757,4.321,1478.8,2.504915168,-2003
10/11/2017 0:00,22.174,-96.761,4.314,1479.5,1.43,-2043
10/11/2017 8:00,22.177,-96.757,4.326,1479.6,1.871149379,-2082
10/11/2017 16:00,22.184,-96.763,4.328,1479.2,4.585302607,-2079
10/12/2017 0:00,22.199,-96.768,4.323,1480.5,6.173532214,-1877
10/12/2017 8:00,22.216,-96.769,4.333,1479.6,2.820815485,-1914
10/12/2017 16:00,22.213,-96.763,4.33,1478.1,1.740402252,-1951
10/13/2017 0:00,22.224,-96.771,4.331,1479.9,5.014299552,-1955
10/13/2017 8:00,22.238,-96.758,4.332,1480.8,6.507718494,-2121
10/13/2017 16:00,22.237,-96.738,4.331,1480.1,2.936800981,-2146
10/14/2017 0:00,22.234,-96.742,4.323,1480.2,2.026055281,-2147
10/14/2017 8:00,22.232,-96.728,4.319,1477.7,4.625689138,-2100
10/14/2017 16:00,22.228,-96.717,4.325,1478,6.197685052,-2031
10/15/2017 0:00,22.211,-96.702,4.326,1477.5,3.668855407,-2183
10/15/2017 8:00,22.211,-96.707,4.315,1476.8,1.513968296,-2183
10/15/2017 16:00,22.204,-96.705,4.322,1478.1,3.394539733,-2181
10/16/2017 0:00,22.194,-96.702,4.324,1477.9,3.010597947,-2160
10/16/2017 8:00,22.188,-96.705,4.32,1475.5,1.329247908,-2125
10/16/2017 16:00,22.188,-96.706,4.315,1477,0.880567999,-2125
10/17/2017 0:00,22.187,-96.709,4.318,1478.1,3.141289544,-2081
10/17/2017 8:00,22.188,-96.723,4.327,1478.8,3.150253958,-2130
10/17/2017 16:00,22.187,-96.727,4.32,1477.7,1.871069213,-2101
10/18/2017 0:00,22.187,-96.734,4.313,1478.2,3.092329219,-2113
10/18/2017 8:00,22.183,-96.744,4.329,1480,3.830117492,-2106
10/18/2017 16:00,22.191,-96.755,4.318,1477.4,5.425605957,-2091
10/19/2017 0:00,22.207,-96.76,4.321,1476.4,4.251317443,-1942
10/19/2017 8:00,22.213,-96.756,4.325,1479,3.627464679,-2015
10/19/2017 16:00,22.226,-96.757,4.321,1479,3.920114794,-2087
10/20/2017 0:00,22.233,-96.756,4.327,1478.7,4.456467211,-2106
10/20/2017 8:00,22.247,-96.749,4.325,1479.6,4.855563819,-2144
10/20/2017 16:00,22.253,-96.739,4.33,1479.1,5.260427739,-2170
10/21/2017 0:00,22.261,-96.724,4.322,1477.3,5.519574259,-2178
10/21/2017 8:00,22.266,-96.712,4.316,1477.2,3.176302882,-2181
10/21/2017 16:00,22.26,-96.706,4.33,1479.1,2.008780725,-2181
10/22/2017 0:00,22.264,-96.701,4.321,1478.3,2.246285823,-2183
10/22/2017 8:00,22.261,-96.693,4.31,1478.5,2.611761857,-2186
10/22/2017 16:00,22.258,-96.688,4.317,1477.3,2.63706276,-2187
10/23/2017 0:00,22.25,-96.686,4.317,1477.7,2.2627417,-2189
10/23/2017 8:00,22.246,-96.689,4.318,1478.2,1.24016128,-2186
10/23/2017 16:00,22.243,-96.686,4.314,1477.4,2.625890325,-2192
10/24/2017 0:00,22.234,-96.682,4.316,1477.7,3.217079421,-2233
10/24/2017 8:00,22.227,-96.69,4.317,1478.2,3.032441261,-2208
10/24/2017 16:00,22.228,-96.698,4.318,1477.7,2.087773934,-2198
10/25/2017 0:00,22.223,-96.701,4.316,1478,3.624155074,-2189
10/25/2017 8:00,22.211,-96.706,4.309,1476.9,4.15447951,-2183
10/25/2017 16:00,22.208,-96.718,4.317,1477.4,2.993409427,-2172
10/26/2017 0:00,22.207,-96.722,4.314,1476.6,2.360275408,-2151
10/26/2017 8:00,22.2,-96.728,4.307,1476.2,4.004122875,-2164
10/26/2017 16:00,22.199,-96.743,4.308,1477.9,2.430905181,-2057
10/27/2017 0:00,22.201,-96.742,4.3,1476.2,1.570031847,-1974
10/27/2017 8:00,22.201,-96.751,4.304,1475,3.460361253,-1928
10/27/2017 16:00,22.201,-96.761,4.301,1475.8,2.773175076,-1904
10/28/2017 0:00,22.202,-96.767,4.3,1476,0.438634244,-1872
10/28/2017 8:00,22.203,-96.762,4.301,1477,0.550726793,-1904
10/28/2017 16:00,22.2,-96.765,4.302,1476.3,0.174928557,-1891
10/29/2017 0:00,22.204,-96.762,4.3,1476.3,2.36241402,-1904
10/29/2017 8:00,22.212,-96.763,4.307,1475.9,1.430559331,-1946
10/29/2017 16:00,22.211,-96.762,4.306,1475.8,2.5,-1971
10/30/2017 0:00,22.222,-96.771,4.298,1475.9,2.775049549,-1955
10/30/2017 8:00,22.225,-96.759,4.31,1475.2,1.967587355,-2070
10/30/2017 16:00,22.232,-96.768,4.306,1476.1,2.948525055,-1983
10/31/2017 0:00,22.238,-96.768,4.305,1476.9,2.620858638,-1990
10/31/2017 8:00,22.244,-96.761,4.303,1475.8,2.228654302,-2055
10/31/2017 16:00,22.245,-96.759,4.307,1475.8,1.248078523,-2055
11/1/2017 0:00,22.247,-96.755,4.302,1477.2,3.368753479,-2048
11/1/2017 8:00,22.25,-96.741,4.312,1476.9,3.318026522,-2170
11/1/2017 16:00,22.252,-96.737,4.3,1476.2,2.650018868,-2174
11/2/2017 0:00,22.26,-96.731,4.304,1476.1,3.460057803,-2176
11/2/2017 8:00,22.263,-96.722,4.314,1477,3.432156756,-2170
11/2/2017 16:00,22.256,-96.712,4.304,1475.8,1.456914548,-2179
11/3/2017 0:00,22.258,-96.716,4.301,1476.5,1.397175723,-2178
11/3/2017 8:00,22.258,-96.704,4.311,1477.7,3.892813892,-2182
11/3/2017 16:00,22.251,-96.695,4.307,1476.9,2.993409427,-2184
11/4/2017 0:00,22.244,-96.698,4.307,1476.5,3.117851825,-2164
11/4/2017 8:00,22.236,-96.689,4.3,1476.2,4.354595274,-2226
11/4/2017 16:00,22.229,-96.679,4.305,1475.7,2.752235455,-2213
11/5/2017 0:00,22.224,-96.68,4.3,1475.1,1.25399362,-2202
11/5/2017 8:00,22.223,-96.681,4.306,1476.1,2.066204249,-2202
11/5/2017 16:00,22.214,-96.68,4.3,1476.7,3.41584543,-2188
11/6/2017 0:00,22.206,-96.675,4.296,1474.4,1.964204674,-2175
11/6/2017 8:00,22.204,-96.684,4.299,1477.4,2.410331927,-2172
11/6/2017 16:00,22.199,-96.686,4.302,1472.7,2.755721321,-2162
11/7/2017 0:00,22.191,-96.678,4.294,1475,2.565638322,-2062
11/7/2017 8:00,22.187,-96.682,4.294,1474.6,1.744133022,-1998
11/7/2017 16:00,22.182,-96.679,4.292,1474.7,1.052093152,-1923
11/8/2017 0:00,22.183,-96.686,4.292,1475.2,1.625607579,-1974
11/8/2017 8:00,22.174,-96.683,4.29,1474.3,1.430034965,-1915
11/8/2017 16:00,22.176,-96.686,4.3,1475.4,1.433771251,-1898
11/9/2017 0:00,22.175,-96.691,4.295,1474.4,0.806039701,-1857
11/9/2017 8:00,22.173,-96.689,4.292,1474,1.278827588,-1857
11/9/2017 16:00,22.169,-96.691,4.3,1475.1,1.581455026,-1902
11/10/2017 0:00,22.17,-96.697,4.301,1473.7,1.66003012,-1874
11/10/2017 8:00,22.173,-96.7,4.294,1473.9,0.346554469,-1850
11/10/2017 16:00,22.171,-96.699,4.305,1475,1.619660458,-1840
11/11/2017 0:00,22.177,-96.708,4.289,1474,1.730462366,-1929
11/11/2017 8:00,22.179,-96.704,4.302,1474.2,0.303644529,-1925
11/11/2017 16:00,22.178,-96.707,4.299,1474.1,2.382141893,-1929
11/12/2017 0:00,22.181,-96.717,4.288,1472.7,1.87800426,-2023
11/12/2017 8:00,22.186,-96.713,4.3,1472.7,3.269158913,-2088
11/12/2017 16:00,22.188,-96.7,4.303,1473.5,1.525942332,-2117
11/13/2017 0:00,22.188,-96.704,4.3,1474.7,1.040048076,-2117
11/13/2017 8:00,22.194,-96.7,4.302,1474.1,5.01283353,-2160
11/13/2017 16:00,22.21,-96.691,4.306,1473.8,5.752295194,-2189
11/14/2017 0:00,22.21,-96.674,4.307,1473.5,5.687477472,-2184
11/14/2017 8:00,22.216,-96.659,4.321,1475.9,3.753664876,-2183
11/14/2017 16:00,22.223,-96.658,4.312,1472.6,4.739978903,-2210
11/15/2017 0:00,22.237,-96.645,4.31,1475.4,7.423617716,-2195
11/15/2017 8:00,22.236,-96.619,4.338,1475.1,4.270889837,-2169
11/15/2017 16:00,22.227,-96.623,4.318,1473.9,1.564384863,-2148
11/16/2017 0:00,22.234,-96.61,4.318,1472.3,5.394070819,-2137
11/16/2017 8:00,22.238,-96.595,4.306,1473.8,5.077263042,-2114
11/16/2017 16:00,22.217,-96.589,4.318,1475.3,4.284215214,-2313
11/17/2017 0:00,22.216,-96.597,4.316,1474.4,0.466690476,-2263
11/17/2017 8:00,22.219,-96.587,4.3,1472.5,3.908477965,-2324
11/17/2017 16:00,22.206,-96.577,4.325,1475.3,5.33240096,-2194
11/18/2017 0:00,22.191,-96.588,4.325,1473.5,3.894868419,-2185
11/18/2017 8:00,22.191,-96.592,4.307,1472.5,1.310343466,-2191
11/18/2017 16:00,22.184,-96.588,4.309,1473.8,2.587856256,-2192
11/19/2017 0:00,22.178,-96.597,4.318,1472.7,4.028808757,-2192
11/19/2017 8:00,22.174,-96.607,4.304,1471.8,2.839242857,-2206
11/19/2017 16:00,22.174,-96.612,4.311,1471.8,2.304191832,-2210
11/20/2017 0:00,22.171,-96.62,4.319,1472.4,3.16689122,-2216
11/20/2017 8:00,22.167,-96.628,4.308,1471.2,1.995419755,-2223
11/20/2017 16:00,22.168,-96.63,4.315,1471.6,3.605384862,-2221
11/21/2017 0:00,22.171,-96.648,4.312,1470.9,3.43908418,-2209
11/21/2017 8:00,22.175,-96.648,4.305,1470.9,1.233693641,-2209
11/21/2017 16:00,22.177,-96.65,4.311,1470.9,2.013082214,-2196
11/22/2017 0:00,22.171,-96.658,4.307,1470,1.739540169,-2181
11/22/2017 8:00,22.18,-96.659,4.31,1470.9,2.968400243,-2098
11/22/2017 16:00,22.187,-96.66,4.307,1471.5,2.817108447,-2036
11/23/2017 0:00,22.194,-96.658,4.308,1471.2,2.472589735,-2019
11/23/2017 8:00,22.197,-96.652,4.315,1469.7,2.505294394,-2052
11/23/2017 16:00,22.2,-96.645,4.309,1469.3,2.48276056,-2057
11/24/2017 0:00,22.206,-96.642,4.317,1470.4,5.095017174,-2092
11/24/2017 8:00,22.211,-96.619,4.322,1469.9,6.494651646,-2060
11/24/2017 16:00,22.209,-96.606,4.307,1469.4,2.374973684,-2205
11/25/2017 0:00,22.213,-96.632,4.335,1471.8,2.441311123,-2090
11/25/2017 8:00,22.213,-96.619,4.315,1469.3,5.258003423,-2041
11/25/2017 16:00,22.211,-96.603,4.308,1468.8,10.65266164,-2246
11/26/2017 0:00,22.189,-96.565,4.327,1470.2,10.61052308,-2238
11/26/2017 8:00,22.169,-96.566,4.322,1469.5,3.538276417,-2241
11/26/2017 16:00,22.173,-96.575,4.321,1468.3,1.072986486,-2181
11/27/2017 0:00,22.169,-96.56,4.315,1469.2,6.146128863,-2254
11/27/2017 8:00,22.146,-96.555,4.31,1467.2,6.386610995,-2143
11/27/2017 16:00,22.14,-96.576,4.318,1468.7,4.482186966,-2086
11/28/2017 0:00,22.147,-96.58,4.317,1468.4,0.602079729,-2080
11/28/2017 8:00,22.137,-96.574,4.319,1467.8,3.786000528,-2077
11/28/2017 16:00,22.128,-96.586,4.312,1468.1,6.540351673,-2061
11/29/2017 0:00,22.133,-96.61,4.321,1464,5.090157168,-1997
11/29/2017 8:00,22.14,-96.611,4.303,1466.9,0.667083203,-2010
11/29/2017 16:00,22.136,-96.612,4.314,1467.2,2.77634652,-1989
11/30/2017 0:00,22.135,-96.625,4.305,1465.6,5.102832547,-2028
11/30/2017 8:00,22.148,-96.638,4.318,1467.1,5.164261806,-2194
11/30/2017 16:00,22.157,-96.641,4.309,1466.3,2.468623098,-2220
12/1/2017 0:00,22.159,-96.632,4.322,1467.4,1.046231332,-2226
12/1/2017 8:00,22.162,-96.645,4.31,1465.5,6.282037886,-2219
12/1/2017 16:00,22.178,-96.66,4.317,1465.4,6.012071191,-2144
12/2/2017 0:00,22.193,-96.649,4.318,1466,4.153287854,-2077
12/2/2017 8:00,22.192,-96.643,4.318,1464.8,2.584879107,-2095
12/2/2017 16:00,22.198,-96.662,4.312,1464.9,6.424025218,-2077
12/3/2017 0:00,22.219,-96.664,4.318,1465.1,6.114351969,-2193
12/3/2017 8:00,22.226,-96.646,4.315,1465.2,3.313080138,-2229
12/3/2017 16:00,22.223,-96.646,4.317,1465.1,1.77087549,-2206
12/4/2017 0:00,22.234,-96.65,4.318,1464.7,4.335815956,-2196
12/4/2017 8:00,22.244,-96.639,4.314,1463.7,4.704550988,-2193
12/4/2017 16:00,22.249,-96.629,4.312,1464.1,4.113988333,-2186
12/5/2017 0:00,22.247,-96.616,4.319,1465.5,3.796063751,-2162
12/5/2017 8:00,22.246,-96.608,4.316,1464,2.700018518,-2125
12/5/2017 16:00,22.248,-96.601,4.308,1463.7,3.889125866,-2110
12/6/2017 0:00,22.25,-96.586,4.314,1463.3,6.062878854,-2135
12/6/2017 8:00,22.237,-96.569,4.318,1463.9,4.336311797,-2283
12/6/2017 16:00,22.232,-96.572,4.31,1463.3,1.316092702,-2285
12/7/2017 0:00,22.234,-96.563,4.312,1462.3,4.968349827,-2279
12/7/2017 8:00,22.218,-96.548,4.324,1462.6,5.792451985,-2199
12/7/2017 16:00,22.208,-96.547,4.318,1461.4,4.033385675,-2212
12/8/2017 0:00,22.198,-96.543,4.327,1465.8,3.287263299,-2331
12/8/2017 8:00,22.191,-96.541,4.33,1463.7,3.250107691,-2352
12/8/2017 16:00,22.182,-96.538,4.314,1461.8,4.141618041,-2348
12/9/2017 0:00,22.17,-96.543,4.331,1464.1,3.894868419,-2303
12/9/2017 8:00,22.162,-96.54,4.32,1462.2,3.732894319,-2274
12/9/2017 16:00,22.151,-96.541,4.33,1461,4.391377916,-2197
12/10/2017 0:00,22.141,-96.55,4.319,1461.8,4.81300322,-2058
12/10/2017 8:00,22.13,-96.557,4.337,1464.1,4.382202643,-2043
12/10/2017 16:00,22.128,-96.571,4.327,1461.3,3.415406272,-2079
12/11/2017 0:00,22.125,-96.575,4.32,1459.8,1.794463708,-2085
12/11/2017 8:00,22.119,-96.569,4.327,1461.3,2.241539649,-2089
12/11/2017 16:00,22.117,-96.584,4.321,1460.6,4.82,-2091
12/12/2017 0:00,22.119,-96.596,4.325,1461,2.385497852,-2080
12/12/2017 8:00,22.129,-96.586,4.318,1459.1,2.75,-2061
12/12/2017 16:00,22.128,-96.583,4.323,1459.6,1.407693148,-2078
12/13/2017 0:00,22.122,-96.589,4.316,1459.5,2.248999778,-2067
12/13/2017 8:00,22.136,-96.592,4.315,1459.8,3.866380737,-1994
12/13/2017 16:00,22.139,-96.577,4.319,1459.4,1.027034566,-2086
12/14/2017 0:00,22.136,-96.586,4.318,1456.7,1.952434378,-2034
12/14/2017 8:00,22.14,-96.588,4.331,1460,5.684012667,-2002
12/14/2017 16:00,22.148,-96.557,4.314,1458.2,4.073143749,-2143
12/15/2017 0:00,22.141,-96.565,4.311,1459.4,2.185634919,-2069
12/15/2017 8:00,22.137,-96.561,4.333,1462,4.545327271,-2037
12/15/2017 16:00,22.14,-96.54,4.327,1458.8,6.781600106,-2059
12/16/2017 0:00,22.127,-96.524,4.318,1458.7,5.042310978,-2121
12/16/2017 8:00,22.119,-96.522,4.332,1459.6,4.074420204,-2182
12/16/2017 16:00,22.119,-96.503,4.335,1459.5,6.389687003,-2216
12/17/2017 0:00,22.094,-96.499,4.332,1458.9,7.521628813,-2187
12/17/2017 8:00,22.08,-96.506,4.333,1459.2,5.30472431,-2215
12/17/2017 16:00,22.068,-96.509,4.353,1459.4,5.026420197,-2205
12/18/2017 0:00,22.055,-96.514,4.327,1457.2,5.830617463,-2192
12/18/2017 8:00,22.038,-96.517,4.333,1457.2,6.753739705,-2170
12/18/2017 16:00,22.025,-96.533,4.329,1456.1,6.804711603,-2136
12/19/2017 0:00,22.022,-96.551,4.333,1456.5,4.118252056,-2105
12/19/2017 8:00,22.036,-96.553,4.332,1457.1,2.135907301,-2129
12/19/2017 16:00,22.031,-96.545,4.333,1455.3,3.287826029,-2128
12/20/2017 0:00,22.023,-96.565,4.323,1455.3,4.856500798,-2088
12/20/2017 8:00,22.034,-96.572,4.335,1456.9,4.09538765,-2104
12/20/2017 16:00,22.044,-96.564,4.321,1454.8,4.543412814,-2136
12/21/2017 0:00,22.036,-96.547,4.319,1455.3,3.912147748,-2131
12/21/2017 8:00,22.03,-96.548,4.342,1457,0.747930478,-2124
12/21/2017 16:00,22.038,-96.543,4.335,1454.1,3.432855954,-2140
12/22/2017 0:00,22.036,-96.53,4.32,1454.4,5.594649229,-2146
12/22/2017 8:00,22.025,-96.515,4.327,1455,4.867658575,-2169
12/22/2017 16:00,22.013,-96.519,4.338,1455.4,3.54391027,-2156
12/23/2017 0:00,22.007,-96.511,4.323,1453.7,4.344974108,-2177
12/23/2017 8:00,21.999,-96.5,4.33,1454.9,6.180355977,-2199
12/23/2017 16:00,21.981,-96.492,4.328,1453.7,7.468185857,-2234
12/24/2017 0:00,21.961,-96.492,4.325,1451.4,5.84219137,-2226
12/24/2017 8:00,21.951,-96.491,4.324,1452.9,5.127621281,-2218
12/24/2017 16:00,21.938,-96.478,4.317,1454,6.538516651,-2210
12/25/2017 0:00,21.917,-96.484,4.328,1452.5,5.777629272,-2172
12/25/2017 8:00,21.916,-96.5,4.315,1452.3,3.995059449,-2144
12/25/2017 16:00,21.912,-96.505,4.33,1453.6,3.983214782,-2137
12/26/2017 0:00,21.899,-96.512,4.323,1451.6,5.144326973,-2128
12/26/2017 8:00,21.896,-96.528,4.321,1451.4,4.613512761,-2112
12/26/2017 16:00,21.898,-96.538,4.322,1450.4,4.313513649,-2112
12/27/2017 0:00,21.906,-96.55,4.321,1451.7,3.497213176,-2103
12/27/2017 8:00,21.906,-96.556,4.324,1451.6,1.969390769,-2105
12/27/2017 16:00,21.912,-96.559,4.326,1451.4,4.540936027,-2111
12/28/2017 0:00,21.922,-96.575,4.323,1445.6,6.533008495,-2090
12/28/2017 8:00,21.941,-96.578,4.331,1446.6,6.393449773,-2046
12/28/2017 16:00,21.955,-96.576,4.331,1445.6,3.310740099,-2002
12/29/2017 0:00,21.958,-96.579,4.325,1443.8,3.575136361,-2002
12/29/2017 8:00,21.973,-96.579,4.333,1447.1,6.930577177,-1982
12/29/2017 16:00,21.992,-96.566,4.327,1446.2,5.849008463,-2027
12/30/2017 0:00,21.997,-96.558,4.337,1446.3,2.145530237,-2054
12/30/2017 8:00,21.997,-96.555,4.326,1446.4,3.174728335,-2054
12/30/2017 16:00,22.005,-96.543,4.332,1445.6,4.843727903,-2099
12/31/2017 0:00,22.005,-96.53,4.332,1444.2,4.25174082,-2123
12/31/2017 8:00,21.994,-96.523,4.333,1445,3.989110176,-2140
12/31/2017 16:00,21.987,-96.518,4.338,1444.9,3.078246254,-2155
1/1/2018 0:00,21.983,-96.51,4.327,1444.8,3.451448971,-2175
1/1/2018 8:00,21.972,-96.507,4.335,1444.7,4.239587244,-2200
1/1/2018 16:00,21.962,-96.507,4.331,1443.6,3.42147629,-2207
1/2/2018 0:00,21.955,-96.508,4.338,1444.5,2.909037642,-2202
1/2/2018 8:00,21.947,-96.509,4.342,1445,2.286941189,-2185
1/2/2018 16:00,21.943,-96.506,4.338,1444.1,6.489506915,-2181
1/3/2018 0:00,21.94,-96.545,4.333,1444.1,9.530188875,-2124
1/3/2018 8:00,21.943,-96.56,4.346,1445.7,3.229024621,-2069
1/3/2018 16:00,21.942,-96.562,4.348,1443.9,2.0163829,-2069
1/4/2018 0:00,21.937,-96.55,4.335,1442.6,0.108166538,-2104
1/4/2018 8:00,21.941,-96.562,4.345,1444.5,4.038972642,-2078
1/4/2018 16:00,21.952,-96.567,4.335,1444.5,4.034216157,-2023
1/5/2018 0:00,21.962,-96.567,4.352,1444,1.80346888,-1999
1/5/2018 8:00,21.961,-96.565,4.34,1442.4,3.598180096,-2006
1/5/2018 16:00,21.973,-96.583,4.344,1442.9,4.340933079,-1981
1/6/2018 0:00,21.984,-96.565,4.338,1442.9,5.875755271,-2009
1/6/2018 8:00,21.992,-96.557,4.338,1441.4,2.957177709,-2046
1/6/2018 16:00,21.99,-96.55,4.338,1441.3,2.141144554,-2051
1/7/2018 0:00,21.992,-96.545,4.348,1442.1,3.047113388,-2083
1/7/2018 8:00,21.998,-96.535,4.344,1442,3.766297917,-2110
1/7/2018 16:00,21.994,-96.524,4.338,1441.6,3.597624216,-2140
1/8/2018 0:00,21.99,-96.516,4.347,1441.3,2.764489103,-2163
1/8/2018 8:00,21.985,-96.512,4.353,1443.1,3.197624118,-2173
1/8/2018 16:00,21.975,-96.508,4.337,1440.9,3.475744525,-2192
1/9/2018 0:00,21.967,-96.509,4.348,1442.7,4.234052432,-2194
1/9/2018 8:00,21.955,-96.517,4.356,1442.4,5.230544905,-2182
1/9/2018 16:00,21.942,-96.521,4.35,1441.3,5.522318354,-2172
1/10/2018 0:00,21.933,-96.537,4.348,1440.7,4.348838926,-2137
1/10/2018 8:00,21.936,-96.544,4.348,1440.1,4.217309569,-2124
1/10/2018 16:00,21.939,-96.559,4.348,1440.8,4.231784494,-2078
1/11/2018 0:00,21.947,-96.565,4.35,1439.2,4.689264335,-2046
1/11/2018 8:00,21.961,-96.57,4.352,1440.7,5.421558816,-1999
1/11/2018 16:00,21.974,-96.562,4.355,1440.6,5.224720088,-1995
1/12/2018 0:00,21.972,-96.543,4.347,1439.7,4.908054604,-2066
1/12/2018 8:00,21.981,-96.535,4.35,1438.8,7.348156231,-2103
1/12/2018 16:00,21.987,-96.506,4.369,1441.1,11.06898821,-2185
1/13/2018 0:00,21.972,-96.474,4.362,1441,11.18000447,-2240
1/13/2018 8:00,21.952,-96.455,4.371,1441.4,8.382887331,-2233
1/13/2018 16:00,21.94,-96.443,4.361,1439.5,7.280109889,-2215
1/14/2018 0:00,21.921,-96.434,4.362,1439.1,8.354783061,-2193
1/14/2018 8:00,21.897,-96.433,4.378,1440.5,7.142464561,-2191
1/14/2018 16:00,21.886,-96.447,4.37,1439.9,4.697658991,-2245
1/15/2018 0:00,21.886,-96.456,4.372,1439.8,1.810027624,-2273
1/15/2018 8:00,21.886,-96.457,4.369,1440.1,0.955667306,-2273
1/15/2018 16:00,21.881,-96.458,4.373,1439.2,2.173499482,-2272
1/16/2018 0:00,21.876,-96.452,4.371,1439.6,3.299969697,-2262
1/16/2018 8:00,21.894,-96.446,4.362,1438.3,7.690962228,-2232
1/16/2018 16:00,21.889,-96.412,4.369,1439.3,11.90017227,-2182
1/17/2018 0:00,21.872,-96.384,4.376,1438.9,11.59911203,-2172
1/17/2018 8:00,21.86,-96.355,4.361,1436.4,10.82342367,-2261
1/17/2018 16:00,21.843,-96.332,4.355,1436.7,12.35801359,-2255
1/18/2018 0:00,21.816,-96.305,4.362,1436.3,13.90335931,-2188
1/18/2018 8:00,21.785,-96.287,4.351,1436.7,12.75621417,-2266
1/18/2018 16:00,21.755,-96.278,4.335,1434,9.23351504,-2338
1/19/2018 0:00,21.738,-96.278,4.307,1433.6,6.253654931,-2071
1/19/2018 8:00,21.723,-96.273,4.33,1433.7,8.36876335,-1805
1/19/2018 16:00,21.697,-96.293,4.355,1436.8,11.55252786,-1612
1/20/2018 0:00,21.705,-96.334,4.346,1432.3,10.33965667,-1756
1/20/2018 8:00,21.716,-96.347,4.352,1433,0.940478602,-1858
1/20/2018 16:00,21.7,-96.334,4.345,1431.6,8.333414666,-1704
1/21/2018 0:00,21.677,-96.367,4.353,1433.1,8.862336035,-1862
1/21/2018 8:00,21.677,-96.377,4.351,1429,4.198868895,-1886
1/21/2018 16:00,21.674,-96.39,4.348,1431.6,3.623534186,-1911
1/22/2018 0:00,21.66,-96.385,4.355,1432.7,8.291736851,-1895
1/22/2018 8:00,21.631,-96.393,4.345,1430.2,7.871753299,-1893
1/22/2018 16:00,21.629,-96.413,4.347,1426.1,1.686683136,-1833
1/23/2018 0:00,21.626,-96.401,4.335,1425.4,5.806909677,-1873
1/23/2018 8:00,21.601,-96.402,4.365,1431.2,7.342022882,-1813
1/23/2018 16:00,21.588,-96.403,4.345,1428.3,5.211237857,-1772
1/24/2018 0:00,21.576,-96.414,4.347,1429.8,4.895058733,-1794
1/24/2018 8:00,21.563,-96.408,4.352,1428.7,7.498906587,-1821
1/24/2018 16:00,21.542,-96.394,4.333,1427.5,8.23695332,-1817
1/25/2018 0:00,21.521,-96.399,4.345,1429,6.296896061,-1833
1/25/2018 8:00,21.513,-96.41,4.333,1426.3,5.042955483,-1823
1/25/2018 16:00,21.496,-96.391,4.321,1428.5,7.943834087,-1846
1/26/2018 0:00,21.474,-96.394,4.348,1427.9,7.209944521,-1855
1/26/2018 8:00,21.461,-96.405,4.328,1426.3,4.489376349,-1819
1/26/2018 16:00,21.452,-96.389,4.313,1426.9,7.989443034,-1834
1/27/2018 0:00,21.425,-96.384,4.35,1428.5,8.25069694,-1748
1/27/2018 8:00,21.409,-96.382,4.321,1422.4,4.622520957,-1762
1/27/2018 16:00,21.404,-96.396,4.311,1424.7,3.389232952,-1663
1/28/2018 0:00,21.393,-96.374,4.314,1424,8.274345896,-1923
1/28/2018 8:00,21.376,-96.361,4.301,1425,6.717149693,-2044
1/28/2018 16:00,21.362,-96.358,4.329,1424.8,5.374644174,-1991
1/29/2018 0:00,21.35,-96.35,4.31,1425.8,6.866447408,-1958
1/29/2018 8:00,21.336,-96.331,4.303,1418.5,7.919709591,-1898
1/29/2018 16:00,21.322,-96.319,4.305,1420.7,5.434344487,-1858
1/30/2018 0:00,21.312,-96.316,4.311,1420.9,4.693623334,-1742
1/30/2018 8:00,21.298,-96.311,4.292,1416.9,6.40644207,-1618
1/30/2018 16:00,21.283,-96.299,4.31,1419.5,7.021808884,-1682
1/31/2018 0:00,21.267,-96.292,4.321,1420.4,5.442324871,-1676
1/31/2018 8:00,21.255,-96.292,4.295,1417.9,5.493022847,-1644
1/31/2018 16:00,21.241,-96.279,4.301,1419.9,7.818503693,-1605
2/1/2018 0:00,21.217,-96.278,4.296,1419.8,6.872852392,-1681
2/1/2018 8:00,21.205,-96.276,4.273,1417.2,5.016781837,-1725
2/1/2018 16:00,21.194,-96.265,4.276,1416.8,7.377594459,-1777
2/2/2018 0:00,21.173,-96.254,4.306,1419.1,7.859471992,-1784
2/2/2018 8:00,21.155,-96.255,4.284,1414.3,6.586478574,-1762
2/2/2018 16:00,21.139,-96.258,4.284,1415.5,7.973318004,-1746
2/3/2018 0:00,21.113,-96.251,4.284,1415.8,9.804310277,-1767
2/3/2018 8:00,21.088,-96.254,4.286,1417,8.574572876,-1795
2/3/2018 16:00,21.07,-96.244,4.296,1415.4,7.033754332,-1756
2/4/2018 0:00,21.053,-96.244,4.278,1414.4,8.58091487,-1725
2/4/2018 8:00,21.026,-96.234,4.284,1411.6,9.913853943,-1731
2/4/2018 16:00,21.004,-96.227,4.308,1416.6,7.407577202,-1773
2/5/2018 0:00,20.988,-96.231,4.276,1412.5,7.212662477,-1775
2/5/2018 8:00,20.97,-96.211,4.264,1411.2,9.270496211,-1829
2/5/2018 16:00,20.954,-96.194,4.292,1413.9,7.911390523,-1849
2/6/2018 0:00,20.933,-96.192,4.286,1413,6.718630813,-1866
2/6/2018 8:00,20.92,-96.185,4.284,1410.2,4.770450712,-1874
2/6/2018 16:00,20.919,-96.17,4.261,1409.8,4.571487723,-1882
2/7/2018 0:00,20.91,-96.162,4.289,1412.1,4.941457275,-1887
2/7/2018 8:00,20.899,-96.153,4.274,1411.3,4.937246196,-1894
2/7/2018 16:00,20.887,-96.15,4.271,1406.3,3.07390631,-1892
2/8/2018 0:00,20.883,-96.149,4.271,1410,1.781600404,-1890
2/8/2018 8:00,20.885,-96.14,4.28,1410.4,3.267185333,-1897
2/8/2018 16:00,20.874,-96.134,4.269,1407.6,4.236153916,-1888
2/9/2018 0:00,20.863,-96.135,4.281,1409,2.849859646,-1875
2/9/2018 8:00,20.86,-96.138,4.254,1406,1.632329624,-1863
2/9/2018 16:00,20.866,-96.144,4.269,1409.5,2.953303235,-1868
2/10/2018 0:00,20.868,-96.152,4.272,1409.9,2.617651619,-1880
2/10/2018 8:00,20.867,-96.158,4.264,1406,1.266570172,-1884
2/10/2018 16:00,20.871,-96.158,4.259,1405.7,2.98080526,-1887
2/11/2018 0:00,20.872,-96.142,4.259,1406,3.214545069,-1880
2/11/2018 8:00,20.873,-96.14,4.259,1404.9,3.645737237,-1883
2/11/2018 16:00,20.867,-96.123,4.276,1406.2,4.289638679,-1901
2/12/2018 0:00,20.857,-96.124,4.257,1405.6,1.13507709,-1887
2/12/2018 8:00,20.862,-96.121,4.262,1405.3,3.181477644,-1890
2/12/2018 16:00,20.862,-96.108,4.268,1405.9,2.888044321,-1924
2/13/2018 0:00,20.849,-96.113,4.279,1405.5,3.59155955,-1907
2/13/2018 8:00,20.845,-96.115,4.275,1404.3,1.77789201,-1904
2/13/2018 16:00,20.847,-96.103,4.268,1403.3,5.220967343,-1922
2/14/2018 0:00,20.836,-96.088,4.3,1406,4.164816923,-1939
2/14/2018 8:00,20.826,-96.11,4.277,1405.5,3.85292097,-1904
2/14/2018 16:00,20.825,-96.105,4.27,1401.1,1.184060809,-1910
2/15/2018 0:00,20.822,-96.105,4.28,1403.8,2.19583697,-1910
2/15/2018 8:00,20.82,-96.094,4.268,1400.4,3.042005917,-1943
2/15/2018 16:00,20.81,-96.095,4.284,1403.4,3.709514793,-1941
2/16/2018 0:00,20.801,-96.101,4.285,1402.4,1.659216683,-1923
2/16/2018 8:00,20.801,-96.097,4.269,1401.4,2.613752092,-1931
2/16/2018 16:00,20.795,-96.088,4.293,1403,2.733367886,-1925
2/17/2018 0:00,20.787,-96.098,4.288,1403.1,2.443112769,-1914
2/17/2018 8:00,20.783,-96.094,4.279,1401.7,3.306055051,-1911
2/17/2018 16:00,20.778,-96.083,4.276,1402.2,2.847630594,-1899
2/18/2018 0:00,20.769,-96.089,4.294,1402.7,2.61696389,-1898
2/18/2018 8:00,20.765,-96.089,4.279,1399.6,1.960255085,-1895
2/18/2018 16:00,20.763,-96.081,4.278,1400.6,3.918992217,-1891
2/19/2018 0:00,20.748,-96.077,4.303,1401.1,3.891285135,-1883
2/19/2018 8:00,20.743,-96.08,4.284,1401,2.684864987,-1879
2/19/2018 16:00,20.737,-96.068,4.279,1400,4.289568743,-1879
2/20/2018 0:00,20.724,-96.066,4.296,1401.1,3.585038354,-1867
2/20/2018 8:00,20.718,-96.071,4.294,1401.5,4.002848985,-1865
2/20/2018 16:00,20.71,-96.05,4.291,1400.9,7.625562274,-1856
2/21/2018 0:00,20.691,-96.04,4.286,1400.4,6.462391198,-1851
2/21/2018 8:00,20.677,-96.044,4.298,1401,5.344623467,-1833
2/21/2018 16:00,20.667,-96.027,4.312,1401.7,9.150136611,-1887
2/22/2018 0:00,20.643,-96.008,4.29,1398.7,6.466382296,-1964
2/22/2018 8:00,20.634,-96.019,4.296,1398.1,3.559676952,-1925
2/22/2018 16:00,20.625,-96.005,4.308,1399.4,7.840516565,-1955
2/23/2018 0:00,20.598,-95.999,4.307,1397.9,8.579329811,-1928
2/23/2018 8:00,20.581,-96.003,4.297,1397.9,5.903837735,-1903
2/23/2018 16:00,20.567,-96.001,4.293,1400.4,6.359473249,-1903
2/24/2018 0:00,20.549,-95.992,4.315,1399.7,8.75635198,-1918
2/24/2018 8:00,20.524,-95.986,4.301,1398,9.578392349,-1915
2/24/2018 16:00,20.501,-95.982,4.291,1398.8,7.236186841,-1913
2/25/2018 0:00,20.487,-95.991,4.304,1397.9,5.536361621,-1924
2/25/2018 8:00,20.473,-95.976,4.298,1394.3,8.519776992,-1924
2/25/2018 16:00,20.445,-95.976,4.283,1394.8,11.3415916,-1906
2/26/2018 0:00,20.42,-96.004,4.281,1392.8,9.0308416,-1905
2/26/2018 8:00,20.404,-95.999,4.29,1394.3,7.386271048,-1882
2/26/2018 16:00,20.382,-96.001,4.297,1396.2,9.513763714,-1879
2/27/2018 0:00,20.355,-96.005,4.299,1396.3,8.91751647,-1880
2/27/2018 8:00,20.336,-96.005,4.28,1393.3,7.413838412,-1917
2/27/2018 16:00,20.317,-96.013,4.306,1398.3,6.653675676,-1949
2/28/2018 0:00,20.302,-96.012,4.305,1396.9,7.745663303,-1969
2/28/2018 8:00,20.277,-96.017,4.297,1394.4,10.0696425,-1950
2/28/2018 16:00,20.252,-96.028,4.292,1394,8.644009486,-1929
3/1/2018 0:00,20.235,-96.031,4.301,1395.6,7.684920299,-1916
3/1/2018 8:00,20.214,-96.014,4.301,1393.4,7.511391349,-1940
3/1/2018 16:00,20.196,-96.024,4.296,1395.4,6.833161786,-1910
3/2/2018 0:00,20.183,-96.032,4.303,1396.1,5.603588136,-1898
3/2/2018 8:00,20.167,-96.026,4.301,1396.3,5.600446411,-1909
3/2/2018 16:00,20.156,-96.024,4.3,1394.2,6.682521979,-1919
3/3/2018 0:00,20.134,-96.014,4.304,1393.4,7.495331881,-1936
3/3/2018 8:00,20.12,-96.007,4.3,1394.7,5.141925709,-1940
3/3/2018 16:00,20.109,-96.005,4.306,1393.1,5.660008834,-1942
3/4/2018 0:00,20.091,-96.007,4.297,1393.2,6.127658607,-1943
3/4/2018 8:00,20.079,-95.996,4.297,1392.7,6.444656701,-1928
3/4/2018 16:00,20.064,-95.985,4.297,1392.7,5.289158723,-1923
3/5/2018 0:00,20.052,-95.987,4.302,1391.8,5.239627849,-1890
3/5/2018 8:00,20.038,-95.98,4.289,1391.2,5.094752202,-1874
3/5/2018 16:00,20.032,-95.969,4.297,1391.4,4.981425499,-1895
3/6/2018 0:00,20.02,-95.96,4.304,1390.6,5.785533683,-1908
3/6/2018 8:00,20.007,-95.952,4.289,1390.7,4.006557126,-1914
3/6/2018 16:00,20.001,-95.969,4.296,1391.4,2.899137803,-1858
3/7/2018 0:00,19.996,-95.963,4.296,1390.8,3.872208672,-1863
3/7/2018 8:00,19.988,-95.953,4.291,1392.1,4.224038352,-1876
3/7/2018 16:00,19.976,-95.955,4.293,1388.4,4.286595386,-1839
3/8/2018 0:00,19.966,-95.958,4.285,1389.2,3.67151195,-1799
3/8/2018 8:00,19.957,-95.952,4.294,1389.1,3.316896139,-1780
3/8/2018 16:00,19.952,-95.948,4.273,1389.3,3.480416642,-1776
3/9/2018 0:00,19.941,-95.943,4.289,1389.4,4.667343998,-1757
3/9/2018 8:00,19.928,-95.943,4.289,1388.2,3.369643898,-1752
3/9/2018 16:00,19.925,-95.948,4.274,1388,3.122707159,-1748
3/10/2018 0:00,19.921,-95.927,4.293,1388.7,4.502887962,-1780
3/10/2018 8:00,19.907,-95.931,4.289,1386.7,3.958282456,-1784
3/10/2018 16:00,19.904,-95.938,4.286,1386.8,0.794040301,-1733
3/11/2018 0:00,19.911,-95.929,4.274,1387.3,2.50002,-1813
3/11/2018 8:00,19.904,-95.925,4.287,1385.9,3.425842962,-1777
3/11/2018 16:00,19.893,-95.926,4.281,1387,2.821577573,-1739
3/12/2018 0:00,19.893,-95.935,4.28,1386.3,0.471699057,-1718
3/12/2018 8:00,19.891,-95.927,4.283,1386,3.396292096,-1723
3/12/2018 16:00,19.888,-95.918,4.281,1384.2,1.936310925,-1743
3/13/2018 0:00,19.886,-95.918,4.292,1386.3,2.121744565,-1728
3/13/2018 8:00,19.88,-95.926,4.283,1386,1.839918476,-1699
3/13/2018 16:00,19.88,-95.926,4.294,1387.5,0.831865374,-1699
3/14/2018 0:00,19.878,-95.922,4.286,1386,1.011385189,-1695
3/14/2018 8:00,19.876,-95.922,4.303,1388.2,1.705109967,-1695
3/14/2018 16:00,19.87,-95.924,4.295,1386.6,1.854561943,-1679
3/15/2018 0:00,19.869,-95.929,4.291,1386.7,1.633676835,-1674
3/15/2018 8:00,19.874,-95.932,4.298,1387.8,1.904127097,-1681
3/15/2018 16:00,19.867,-95.919,4.302,1386.5,4.91934955,-1686
3/16/2018 0:00,19.851,-95.92,4.297,1385.3,2.397540406,-1676
3/16/2018 8:00,19.855,-95.92,4.297,1385.2,1.752369824,-1676
3/16/2018 16:00,19.857,-95.927,4.308,1386.9,1.744133022,-1664
3/17/2018 0:00,19.851,-95.912,4.306,1385.7,5.49586208,-1688
3/17/2018 8:00,19.839,-95.904,4.298,1385.4,2.570019455,-1685
3/17/2018 16:00,19.837,-95.912,4.294,1384.7,1.2175385,-1674
3/18/2018 0:00,19.835,-95.899,4.302,1385.2,5.226786776,-1682
3/18/2018 8:00,19.831,-95.884,4.294,1385.5,4.641820763,-1683
3/18/2018 16:00,19.821,-95.878,4.297,1385.7,3.456544517,-1677
3/19/2018 0:00,19.814,-95.878,4.305,1386.4,3.592130287,-1661
3/19/2018 8:00,19.813,-95.86,4.292,1385.1,4.489287249,-1671
3/19/2018 16:00,19.809,-95.854,4.3,1384.4,5.157072813,-1673
3/20/2018 0:00,19.799,-95.836,4.31,1385.6,6.506919394,-1670
3/20/2018 8:00,19.786,-95.828,4.302,1385.6,3.50235635,-1663
3/20/2018 16:00,19.781,-95.831,4.306,1384.5,2.322455597,-1647
3/21/2018 0:00,19.779,-95.818,4.31,1386.7,6.381629886,-1672
3/21/2018 8:00,19.76,-95.804,4.307,1386.5,6.741253593,-1698
3/21/2018 16:00,19.75,-95.796,4.305,1385.3,3.644242034,-1676
3/22/2018 0:00,19.749,-95.788,4.312,1384.9,3.443617284,-1697
3/22/2018 8:00,19.742,-95.779,4.302,1383.3,7.155200906,-1723
3/22/2018 16:00,19.727,-95.756,4.313,1384.7,7.157443678,-1746
3/23/2018 0:00,19.713,-95.754,4.312,1382.8,3.881082323,-1744
3/23/2018 8:00,19.708,-95.751,4.309,1384.7,3.829203573,-1734
3/23/2018 16:00,19.697,-95.742,4.302,1384,4.968108292,-1724
3/24/2018 0:00,19.688,-95.734,4.308,1383.2,5.199480743,-1714
3/24/2018 8:00,19.677,-95.723,4.308,1384.4,5.481797151,-1726
3/24/2018 16:00,19.661,-95.723,4.294,1383.6,5.907706831,-1711
3/25/2018 0:00,19.648,-95.713,4.292,1383.5,5.019103506,-1730
3/25/2018 8:00,19.639,-95.708,4.303,1382.7,5.189932562,-1734
3/25/2018 16:00,19.626,-95.697,4.297,1382,6.116477745,-1727
3/26/2018 0:00,19.613,-95.689,4.297,1382.6,2.970589167,-1719
3/26/2018 8:00,19.612,-95.689,4.3,1382.9,2.943365421,-1717
3/26/2018 16:00,19.6,-95.681,4.302,1380.8,4.410260763,-1718
3/27/2018 0:00,19.592,-95.679,4.299,1380.6,3.290729402,-1715
3/27/2018 8:00,19.587,-95.669,4.299,1383,4.18234384,-1721
3/27/2018 16:00,19.578,-95.661,4.306,1383.6,4.168285019,-1732
3/28/2018 0:00,19.57,-95.655,4.307,1382.1,4.457454431,-1716
3/28/2018 8:00,19.566,-95.64,4.3,1381.7,3.943424907,-1714
3/28/2018 16:00,19.56,-95.636,4.297,1380.9,2.621907702,-1714
3/29/2018 0:00,19.554,-95.634,4.31,1383.1,2.724426545,-1710
3/29/2018 8:00,19.55,-95.626,4.3,1380.5,2.81300551,-1728
3/29/2018 16:00,19.547,-95.62,4.303,1380.9,1.353587825,-1745
3/30/2018 0:00,19.547,-95.619,4.3,1381.4,0.872009174,-1745
3/30/2018 8:00,19.543,-95.623,4.295,1381.3,1.09603832,-1739
3/30/2018 16:00,19.543,-95.614,4.3,1381.7,2.511274577,-1756
3/31/2018 0:00,19.543,-95.609,4.303,1381.3,1.463215637,-1760
3/31/2018 8:00,19.545,-95.607,4.294,1380.4,3.163558123,-1768
3/31/2018 16:00,19.542,-95.592,4.3,1381.6,2.346955475,-1786
4/1/2018 0:00,19.541,-95.594,4.299,1380.1,1.787512238,-1786
4/1/2018 8:00,19.549,-95.585,4.299,1381.4,2.596709456,-1795
4/1/2018 16:00,19.551,-95.585,4.295,1381,0.787908624,-1796
4/2/2018 0:00,19.551,-95.582,4.3,1380.5,1.377860661,-1805
4/2/2018 8:00,19.544,-95.583,4.296,1380.9,0.45177428,-1798
4/2/2018 16:00,19.551,-95.579,4.294,1380.9,3.116809266,-1808
4/3/2018 0:00,19.55,-95.567,4.295,1380.6,3.450811499,-1815
4/3/2018 8:00,19.545,-95.561,4.294,1380.2,2.308246087,-1812
4/3/2018 16:00,19.539,-95.561,4.295,1379,0.809938269,-1808
4/4/2018 0:00,19.543,-95.565,4.296,1380,1.751113931,-1809
4/4/2018 8:00,19.548,-95.558,4.294,1379.7,5.811041215,-1822
4/4/2018 16:00,19.542,-95.533,4.308,1380.4,3.421637035,-1871
4/5/2018 0:00,19.531,-95.552,4.296,1379.7,3.220248438,-1806
4/5/2018 8:00,19.527,-95.541,4.3,1380.1,5.46393631,-1813
4/5/2018 16:00,19.529,-95.522,4.31,1380.7,3.57687014,-1857
4/6/2018 0:00,19.522,-95.522,4.301,1379.1,3.725050335,-1847
4/6/2018 8:00,19.511,-95.53,4.31,1379.9,2.904771936,-1720
4/6/2018 16:00,19.507,-95.518,4.3,1379.8,5.991669217,-1805
4/7/2018 0:00,19.502,-95.498,4.325,1381.1,3.806638937,-1938
4/7/2018 8:00,19.49,-95.508,4.313,1380.7,3.81980366,-1885
4/7/2018 16:00,19.483,-95.501,4.315,1380.8,1.610124219,-1889
4/8/2018 0:00,19.482,-95.51,4.313,1380.5,2.443460661,-1825
4/8/2018 8:00,19.472,-95.494,4.328,1381.1,8.084380001,-1913
4/8/2018 16:00,19.455,-95.475,4.321,1380.2,5.263762913,-1946
4/9/2018 0:00,19.446,-95.488,4.312,1379.8,2.844292531,-1912
4/9/2018 8:00,19.441,-95.478,4.318,1380.1,4.476628195,-1934
4/9/2018 16:00,19.435,-95.466,4.323,1379.1,3.352163481,-1956
4/10/2018 0:00,19.429,-95.465,4.321,1381.1,2.654147697,-1949
4/10/2018 8:00,19.424,-95.457,4.311,1379.8,2.076246613,-1953
4/10/2018 16:00,19.42,-95.458,4.323,1380.3,NaN,-1947
,,,,,,
