Date (yyyy-MMM-dd hh:mm),Latitude (N),Longitude (W),Temperature (C),Pressure (dbar),Speed (cm/s),Bottom Depth (m),Depth (m)
5/1/2017 16:00,25.728,-96.301,12.79,312.0,19.91132843,-356.0,-310.29
5/2/2017 0:00,25.77,-96.269,12.802,309.9,19.85519831,-454.0,-308.2
5/2/2017 8:00,25.816,-96.245,12.762,307.9,18.63017982,-497.0,-306.21
5/2/2017 16:00,25.831,-96.204,12.643,305.5,12.28197053,-601.0,-303.82
5/3/2017 0:00,25.798,-96.188,12.701,305.2,16.03528609,-632.0,-303.52
5/3/2017 8:00,25.765,-96.198,12.832,314.5,11.80254634,-614.0,-312.77
5/3/2017 16:00,25.765,-96.224,12.821,314.1,11.25318177,-566.0,-312.37
5/4/2017 0:00,25.803,-96.22,12.903,314.3,10.37062197,-568.0,-312.57
5/4/2017 8:00,25.81,-96.218,13.078,321.5,2.909312634,-564.0,-319.73
5/4/2017 16:00,25.818,-96.197,12.96,317.1,11.3006637,-614.0,-315.36
5/5/2017 0:00,25.818,-96.168,12.805,311.5,9.78603597,-678.0,-309.79
5/5/2017 8:00,25.792,-96.168,12.777,308.2,6.460379246,-673.0,-306.51
5/5/2017 16:00,25.806,-96.195,12.796,313.4,13.37979447,-624.0,-311.68
5/6/2017 0:00,25.817,-96.226,12.653,305.4,9.901565533,-540.0,-303.72
5/6/2017 8:00,25.837,-96.243,12.706,308.3,9.664558966,-498.0,-306.61
5/6/2017 16:00,25.862,-96.249,12.618,304.9,16.84054631,-502.0,-303.22
5/7/2017 0:00,25.899,-96.213,12.711,306.2,9.493181764,-544.0,-304.52
5/7/2017 8:00,25.877,-96.205,12.78,308.6,8.081744861,-585.0,-306.9
5/7/2017 16:00,25.872,-96.194,12.624,304.8,4.890010225,-625.0,-303.13
5/8/2017 0:00,25.851,-96.188,12.688,307.8,13.15509407,-640.0,-306.11
5/8/2017 8:00,25.807,-96.2,12.727,307.8,21.20453018,-603.0,-306.11
5/8/2017 16:00,25.766,-96.226,12.706,308.7,8.256318792,-553.0,-307.0
5/9/2017 0:00,25.77,-96.221,12.779,310.6,5.499181757,-565.0,-308.89
5/9/2017 8:00,25.78,-96.213,12.846,312.7,6.78305241,-577.0,-310.98
5/9/2017 16:00,25.804,-96.198,12.915,313.9,14.01619421,-613.0,-312.18
5/10/2017 0:00,25.845,-96.179,12.933,313.1,20.20069306,-668.0,-311.38
5/10/2017 8:00,25.893,-96.164,12.814,310.0,14.94065594,-671.0,-308.3
5/10/2017 16:00,25.927,-96.173,12.775,310.6,16.57265519,-630.0,-308.89
5/11/2017 0:00,25.975,-96.178,12.703,306.0,16.15854263,-608.0,-304.32
5/11/2017 8:00,25.999,-96.214,12.641,305.1,15.36525952,-550.0,-303.42
5/11/2017 16:00,26.032,-96.236,12.648,304.2,16.50859473,-559.0,-302.53
5/12/2017 0:00,26.078,-96.231,12.595,301.4,18.52190595,-441.0,-299.74
5/12/2017 8:00,26.112,-96.221,12.626,303.1,4.883809988,-597.0,-301.43
5/12/2017 16:00,26.105,-96.222,12.552,299.4,4.934065261,-586.0,-297.75
5/13/2017 0:00,26.096,-96.23,12.379,295.3,7.283872596,-484.0,-293.68
5/13/2017 8:00,26.077,-96.249,12.351,293.2,9.814530045,-401.0,-291.59
5/13/2017 16:00,26.057,-96.255,12.287,291.9,5.980836062,-403.0,-290.3
5/14/2017 0:00,26.047,-96.254,12.316,294.1,1.936207633,-444.0,-292.48
5/14/2017 8:00,26.047,-96.259,12.411,297.0,3.302029679,-440.0,-295.37
5/14/2017 16:00,26.064,-96.258,12.434,296.5,15.12653959,-384.0,-294.87
5/15/2017 0:00,26.116,-96.226,12.614,304.4,25.20723111,-554.0,-302.73
5/15/2017 8:00,26.167,-96.194,12.655,305.8,20.9507661,-670.0,-304.12
5/15/2017 16:00,26.214,-96.163,12.654,306.2,22.13531567,-711.0,-304.52
5/16/2017 0:00,26.255,-96.133,12.572,303.7,10.126016,-754.0,-302.03
5/16/2017 8:00,26.259,-96.147,12.594,303.6,11.30897431,-720.0,-301.93
5/16/2017 16:00,26.244,-96.18,12.595,303.6,12.10437937,-651.0,-301.93
5/17/2017 0:00,26.235,-96.206,12.629,305.7,7.972013547,-595.0,-304.02
5/17/2017 8:00,26.233,-96.224,12.588,303.1,4.027505431,-561.0,-301.43
5/17/2017 16:00,26.251,-96.221,12.669,307.8,13.10794034,-548.0,-306.11
5/18/2017 0:00,26.287,-96.198,12.681,308.4,13.79873183,-595.0,-306.71
5/18/2017 8:00,26.309,-96.195,12.622,306.8,6.33025276,-611.0,-305.11
5/18/2017 16:00,26.318,-96.215,12.562,302.9,8.720395633,-549.0,-301.24
5/19/2017 0:00,26.323,-96.242,12.455,300.0,11.34669996,-477.0,-298.35
5/19/2017 8:00,26.331,-96.278,12.414,298.6,14.83004046,-346.0,-296.96
5/19/2017 16:00,26.367,-96.305,12.287,292.8,18.22541358,-223.0,-291.19
5/20/2017 0:00,26.413,-96.305,12.337,294.0,15.27544435,-259.0,-292.38
5/20/2017 8:00,26.443,-96.304,12.351,296.6,9.67070318,-321.0,-294.97
5/20/2017 16:00,26.467,-96.298,12.361,296.9,9.110548831,-354.0,-295.27
5/21/2017 0:00,26.49,-96.288,12.385,297.5,11.6767504,-394.0,-295.87
5/21/2017 8:00,26.517,-96.274,12.442,298.5,7.792335978,-469.0,-296.86
5/21/2017 16:00,26.528,-96.282,12.382,297.1,5.497490337,-457.0,-295.47
5/22/2017 0:00,26.537,-96.291,12.369,294.1,4.510044346,-435.0,-292.48
5/22/2017 8:00,26.547,-96.288,12.514,303.1,1.885576835,-451.0,-301.43
5/22/2017 16:00,26.541,-96.3,12.37,296.0,4.092578649,-411.0,-294.37
5/23/2017 0:00,26.533,-96.303,12.517,303.1,6.046288118,-402.0,-301.43
5/23/2017 8:00,26.503,-96.318,12.552,303.5,19.382149,-314.0,-301.83
5/23/2017 16:00,26.458,-96.337,12.445,299.1,10.97774567,-159.0,-297.46
5/24/2017 0:00,26.453,-96.322,12.324,293.3,8.273481734,-201.0,-291.69
5/24/2017 8:00,26.462,-96.307,12.323,294.3,3.10357858,-315.0,-292.68
5/24/2017 16:00,26.459,-96.306,12.253,291.6,3.887312696,-315.0,-290.0
5/25/2017 0:00,26.445,-96.309,12.175,287.2,6.320506309,-271.0,-285.62
5/25/2017 8:00,26.429,-96.304,12.234,292.2,6.905447125,-295.0,-290.59
5/25/2017 16:00,26.409,-96.296,12.105,282.3,11.20554327,-301.0,-280.75
5/26/2017 0:00,26.375,-96.297,12.037,280.9,11.35401691,-276.0,-279.36
5/26/2017 8:00,26.363,-96.27,12.316,293.4,18.54950134,-418.0,-291.79
5/26/2017 16:00,26.371,-96.215,12.351,292.2,11.14162017,-597.0,-290.59
5/27/2017 0:00,26.33,-96.221,12.581,301.3,21.1775093,-532.0,-299.64
5/27/2017 8:00,26.289,-96.232,12.553,300.9,9.886607103,-495.0,-299.25
5/27/2017 16:00,26.273,-96.216,12.613,302.2,7.890659035,-552.0,-300.54
5/28/2017 0:00,26.243,-96.221,12.559,299.2,17.78039932,-552.0,-297.56
5/28/2017 8:00,26.202,-96.238,12.541,299.1,9.880005061,-539.0,-297.46
5/28/2017 16:00,26.189,-96.224,12.501,297.0,7.164384133,-593.0,-295.37
5/29/2017 0:00,26.159,-96.231,12.291,289.5,15.50912312,-574.0,-287.91
5/29/2017 8:00,26.125,-96.243,12.236,288.1,9.837936776,-439.0,-286.52
5/29/2017 16:00,26.105,-96.24,12.208,286.7,8.664207985,-437.0,-285.12
5/30/2017 0:00,26.077,-96.247,12.093,287.4,11.79780064,-401.0,-285.82
5/30/2017 8:00,26.047,-96.257,12.12,286.0,14.03249443,-445.0,-284.43
5/30/2017 16:00,26.012,-96.273,12.181,286.9,11.58365227,-341.0,-285.32
5/31/2017 0:00,25.993,-96.272,12.098,284.1,5.577104984,-335.0,-282.54
5/31/2017 8:00,25.977,-96.267,12.074,285.5,9.01612999,-361.0,-283.93
5/31/2017 16:00,25.949,-96.275,12.042,284.2,9.629974039,-345.0,-282.64
6/1/2017 0:00,25.934,-96.273,12.198,286.6,4.426578814,-366.0,-285.03
6/1/2017 8:00,25.928,-96.264,12.205,289.3,3.337933492,-403.0,-287.71
6/1/2017 16:00,25.919,-96.263,12.095,285.1,3.008055851,-409.0,-283.53
6/2/2017 0:00,25.919,-96.262,12.143,284.9,5.084102674,-416.0,-283.33
6/2/2017 8:00,25.935,-96.255,12.048,281.2,3.906635381,-409.0,-279.65
6/2/2017 16:00,25.917,-96.24,12.146,284.4,12.01087008,-479.0,-282.84
6/3/2017 0:00,25.895,-96.224,12.574,300.4,6.090205251,-517.0,-298.75
6/3/2017 8:00,25.89,-96.224,12.384,294.6,2.302172887,-505.0,-292.98
6/3/2017 16:00,25.885,-96.225,12.512,300.2,6.292217415,-509.0,-298.55
6/4/2017 0:00,25.87,-96.203,12.573,300.7,8.883135708,-605.0,-299.05
6/4/2017 8:00,25.858,-96.214,12.417,296.2,7.240828682,-564.0,-294.57
6/4/2017 16:00,25.886,-96.225,12.399,294.2,8.114000246,-509.0,-292.58
6/5/2017 0:00,25.884,-96.239,12.293,289.3,1.903943276,-480.0,-287.71
6/5/2017 8:00,25.896,-96.238,12.273,289.4,7.102260204,-481.0,-287.81
6/5/2017 16:00,25.916,-96.248,12.233,288.8,9.676202768,-450.0,-287.21
6/6/2017 0:00,25.94,-96.251,12.282,290.4,8.579242391,-416.0,-288.8
6/6/2017 8:00,25.954,-96.242,12.313,291.4,2.628554736,-436.0,-289.8
6/6/2017 16:00,25.959,-96.24,12.09,286.8,6.447611961,-451.0,-285.22
6/7/2017 0:00,25.985,-96.238,12.161,290.0,9.116123079,-448.0,-288.41
6/7/2017 8:00,26.0,-96.242,12.269,290.7,5.410887173,-430.0,-289.1
6/7/2017 16:00,26.019,-96.233,12.063,282.2,9.1,-543.0,-280.65
6/8/2017 0:00,26.041,-96.234,12.188,286.9,7.365785769,-525.0,-285.32
6/8/2017 8:00,26.055,-96.233,12.271,289.4,3.384789506,-449.0,-287.81
6/8/2017 16:00,26.059,-96.236,12.174,286.5,2.232151429,-437.0,-284.93
6/9/2017 0:00,26.06,-96.239,12.201,287.3,5.983585881,-426.0,-285.72
6/9/2017 8:00,26.083,-96.225,12.314,291.8,8.640416657,-472.0,-290.2
6/9/2017 16:00,26.098,-96.236,12.362,293.8,6.060825026,-469.0,-292.19
6/10/2017 0:00,26.112,-96.239,12.27,288.8,6.568805066,-434.0,-287.21
6/10/2017 8:00,26.133,-96.239,12.29,290.9,9.896928817,-487.0,-289.3
6/10/2017 16:00,26.163,-96.245,12.177,287.1,13.22162244,-538.0,-285.52
6/11/2017 0:00,26.195,-96.25,12.322,293.4,10.23975097,-510.0,-291.79
6/11/2017 8:00,26.215,-96.25,12.382,294.3,8.569509904,-478.0,-292.68
6/11/2017 16:00,26.23,-96.219,12.234,289.3,12.60988898,-572.0,-287.71
6/12/2017 0:00,26.231,-96.191,12.38,294.3,7.756713221,-644.0,-292.68
6/12/2017 8:00,26.223,-96.167,12.305,291.6,12.71560459,-694.0,-290.0
6/12/2017 16:00,26.22,-96.128,12.106,283.7,9.156336604,-784.0,-282.14
6/13/2017 0:00,26.206,-96.119,12.197,287.4,5.774192584,-816.0,-285.82
6/13/2017 8:00,26.223,-96.09,12.168,286.5,10.53286286,-853.0,-284.93
6/13/2017 16:00,26.228,-96.084,12.092,283.4,2.425716389,-856.0,-281.84
6/14/2017 0:00,26.225,-96.092,12.061,281.3,1.517893277,-848.0,-279.75
6/14/2017 8:00,26.223,-96.093,12.043,280.7,3.10871356,-848.0,-279.16
6/14/2017 16:00,26.207,-96.099,11.818,272.4,8.790659816,-858.0,-270.9
6/15/2017 0:00,26.18,-96.097,11.742,271.3,13.11637907,-862.0,-269.81
6/15/2017 8:00,26.139,-96.084,11.652,267.3,19.56334583,-890.0,-265.83
6/15/2017 16:00,26.084,-96.06,11.806,273.1,26.49702814,-852.0,-271.6
6/16/2017 0:00,26.031,-96.02,12.145,287.0,21.17389194,-1010.0,-285.42
6/16/2017 8:00,26.03,-95.958,12.392,297.5,19.29381248,-1061.0,-295.87
6/16/2017 16:00,26.012,-95.915,12.438,296.4,14.53228475,-1055.0,-294.77
6/17/2017 0:00,26.01,-95.872,12.453,299.8,19.68980701,-1028.0,-298.15
6/17/2017 8:00,26.037,-95.81,12.705,308.8,23.88132743,-1113.0,-307.1
6/17/2017 16:00,26.067,-95.757,12.645,313.5,21.22596994,-1172.0,-311.78
6/18/2017 0:00,26.098,-95.703,12.889,318.5,23.37879809,-1122.0,-316.75
6/18/2017 8:00,26.127,-95.64,12.902,315.1,26.18126238,-1089.0,-313.37
6/18/2017 16:00,26.144,-95.573,12.951,320.4,17.32391699,-1433.0,-318.64
6/19/2017 0:00,26.164,-95.536,13.125,323.7,22.27825173,-1402.0,-321.92
6/19/2017 8:00,26.22,-95.473,12.993,319.4,32.33061243,-1566.0,-317.65
6/19/2017 16:00,26.283,-95.423,13.241,331.0,29.19029462,-1580.0,-329.18
6/20/2017 0:00,26.346,-95.369,12.95,318.6,32.23927574,-1600.0,-316.85
6/20/2017 8:00,26.419,-95.323,12.901,316.9,31.24351453,-1635.0,-315.16
6/20/2017 16:00,26.485,-95.277,12.721,314.8,29.8246777,-1664.0,-313.07
6/21/2017 0:00,26.543,-95.225,12.757,308.8,26.17250466,-1611.0,-307.1
6/21/2017 8:00,26.594,-95.173,12.593,303.1,31.82452042,-1671.0,-301.43
6/21/2017 16:00,26.671,-95.11,12.553,299.3,36.56624126,-1639.0,-297.66
6/22/2017 0:00,26.729,-95.041,12.563,299.2,29.86661179,-1625.0,-297.56
6/22/2017 8:00,26.774,-94.985,12.457,297.3,20.10319626,-1547.0,-295.67
6/22/2017 16:00,26.812,-94.943,12.453,296.5,28.99768956,-1381.0,-294.87
6/23/2017 0:00,26.867,-94.868,12.426,294.3,26.21488127,-1324.0,-292.68
6/23/2017 8:00,26.884,-94.826,12.466,295.1,13.40908647,-1498.0,-293.48
6/23/2017 16:00,26.917,-94.79,12.431,296.3,20.10765526,-1507.0,-294.67
6/24/2017 0:00,26.955,-94.757,12.382,293.6,16.15847146,-1483.0,-291.99
6/24/2017 8:00,26.98,-94.723,12.468,296.8,15.7511206,-1445.0,-295.17
6/24/2017 16:00,27.002,-94.685,12.267,289.1,13.02322925,-1375.0,-287.51
6/25/2017 0:00,27.026,-94.664,12.378,295.6,13.43434777,-1396.0,-293.98
6/25/2017 8:00,27.044,-94.625,12.207,287.3,13.26847768,-1412.0,-285.72
6/25/2017 16:00,27.05,-94.596,12.198,286.2,9.785714077,-1409.0,-284.63
6/26/2017 0:00,27.067,-94.564,12.286,291.3,15.28839102,-1222.0,-289.7
6/26/2017 8:00,27.076,-94.526,12.131,286.7,8.201762006,-1087.0,-285.12
6/26/2017 16:00,27.071,-94.517,12.101,284.2,2.428353352,-1075.0,-282.64
6/27/2017 0:00,27.077,-94.5,12.286,290.0,9.335737786,-1100.0,-288.41
6/27/2017 8:00,27.082,-94.468,12.213,286.2,12.09661523,-1566.0,-284.63
6/27/2017 16:00,27.077,-94.441,12.161,283.1,5.113169272,-1712.0,-281.54
6/28/2017 0:00,27.07,-94.438,12.32,290.1,6.299222174,-1678.0,-288.51
6/28/2017 8:00,27.08,-94.399,12.186,283.5,16.06299163,-1713.0,-281.94
6/28/2017 16:00,27.067,-94.37,12.131,282.7,5.9110236,-1452.0,-281.15
6/29/2017 0:00,27.063,-94.383,12.333,291.8,4.155201559,-1608.0,-290.2
6/29/2017 8:00,27.078,-94.356,12.085,280.1,10.81868754,-1134.0,-278.56
6/29/2017 16:00,27.065,-94.337,12.042,282.3,11.24279769,-1082.0,-280.75
6/30/2017 0:00,27.045,-94.326,12.234,289.9,6.693078514,-1117.0,-288.31
6/30/2017 8:00,27.07,-94.305,12.138,282.5,8.184967929,-1068.0,-280.95
6/30/2017 16:00,27.062,-94.297,12.152,284.7,6.362271607,-1079.0,-283.14
7/1/2017 0:00,27.055,-94.291,12.277,288.2,7.314594999,-1119.0,-286.62
7/1/2017 8:00,27.062,-94.261,12.067,281.1,9.815100611,-1221.0,-279.56
7/1/2017 16:00,27.046,-94.244,12.077,284.8,6.426546506,-1643.0,-283.24
7/2/2017 0:00,27.046,-94.234,12.199,285.7,5.40959333,-1682.0,-284.13
7/2/2017 8:00,27.055,-94.215,12.135,284.5,11.28299606,-1621.0,-282.94
7/2/2017 16:00,27.044,-94.182,12.054,282.6,8.05294977,-1767.0,-281.05
7/3/2017 0:00,27.031,-94.19,12.101,283.9,0.707248188,-1871.0,-282.34
7/3/2017 8:00,27.043,-94.168,12.18,283.8,13.90142439,-1751.0,-282.24
7/3/2017 16:00,27.045,-94.133,11.958,288.6,6.57766676,-1244.0,-287.01
7/4/2017 0:00,27.041,-94.143,11.966,277.3,13.19464285,-1515.0,-275.78
7/4/2017 8:00,27.045,-94.166,12.243,286.2,12.17224712,-1749.0,-284.63
7/4/2017 16:00,27.044,-94.099,11.92,275.1,12.7715191,-1139.0,-273.59
7/5/2017 0:00,27.023,-94.122,11.932,275.4,10.1972006,-1278.0,-273.89
7/5/2017 8:00,27.04,-94.114,12.147,282.2,14.57764041,-1163.0,-280.65
7/5/2017 16:00,27.036,-94.074,11.778,272.4,8.919697304,-1093.0,-270.9
7/6/2017 0:00,27.023,-94.085,11.964,278.3,5.747077518,-1155.0,-276.77
7/6/2017 8:00,27.042,-94.08,11.974,276.5,8.733991069,-1124.0,-274.98
7/6/2017 16:00,27.029,-94.056,11.815,273.5,4.297394559,-1042.0,-272.0
7/7/2017 0:00,27.034,-94.063,11.998,279.4,7.961890479,-1058.0,-277.86
7/7/2017 8:00,27.042,-94.027,11.924,275.4,6.341616513,-1048.0,-273.89
7/7/2017 16:00,27.029,-94.038,11.924,275.4,2.705586813,-1008.0,-273.89
7/8/2017 0:00,27.042,-94.03,11.877,274.0,3.252814166,-1047.0,-272.49
7/8/2017 8:00,27.03,-94.032,11.742,271.0,7.932042612,-1015.0,-269.51
7/8/2017 16:00,27.019,-94.03,11.927,275.9,3.756181572,-986.0,-274.38
7/9/2017 0:00,27.033,-94.041,11.877,274.1,4.122729678,-1012.0,-272.59
7/9/2017 8:00,27.025,-94.017,11.836,273.6,8.346028996,-988.0,-272.1
7/9/2017 16:00,27.011,-94.025,11.81,272.4,6.475901482,-963.0,-270.9
7/10/2017 0:00,27.015,-94.035,11.86,273.0,2.450510151,-992.0,-271.5
7/10/2017 8:00,27.011,-94.015,11.745,268.9,9.790857981,-961.0,-267.42
7/10/2017 16:00,26.993,-94.006,11.721,268.9,8.543002985,-986.0,-267.42
7/11/2017 0:00,26.988,-94.033,11.821,271.2,5.733149222,-1045.0,-269.71
7/11/2017 8:00,26.997,-94.022,11.809,270.0,8.084478957,-1001.0,-268.52
7/11/2017 16:00,26.964,-94.012,11.681,266.3,14.33000349,-1211.0,-264.84
7/12/2017 0:00,26.944,-94.022,11.703,267.9,2.959594567,-1302.0,-266.43
7/12/2017 8:00,26.947,-94.019,11.794,269.1,9.374902666,-1296.0,-267.62
7/12/2017 16:00,26.906,-94.003,11.688,268.0,16.032124,-1300.0,-266.53
7/13/2017 0:00,26.878,-94.019,11.585,264.2,8.376353622,-1189.0,-262.75
7/13/2017 8:00,26.851,-94.0,11.794,268.1,16.48097388,-1228.0,-266.63
7/13/2017 16:00,26.809,-93.986,11.72,267.7,15.90492062,-1255.0,-266.23
7/14/2017 0:00,26.769,-93.989,11.678,267.5,17.38569815,-1243.0,-266.03
7/14/2017 8:00,26.719,-93.982,11.662,264.4,20.92317853,-1418.0,-262.95
7/14/2017 16:00,26.668,-93.948,11.764,269.7,25.20366045,-1515.0,-268.22
7/15/2017 0:00,26.605,-93.934,11.721,267.7,18.89613717,-1542.0,-266.23
7/15/2017 8:00,26.567,-93.907,11.788,269.9,24.15414043,-1440.0,-268.42
7/15/2017 16:00,26.497,-93.866,11.765,268.4,28.67612596,-1519.0,-266.93
7/16/2017 0:00,26.447,-93.819,11.841,271.3,27.6147352,-1674.0,-269.81
7/16/2017 8:00,26.369,-93.799,11.759,270.1,25.51327694,-1724.0,-268.62
7/16/2017 16:00,26.325,-93.769,11.776,270.5,24.6032884,-1737.0,-269.01
7/17/2017 0:00,26.267,-93.71,11.674,268.9,31.31572927,-1819.0,-267.42
7/17/2017 8:00,26.194,-93.703,11.632,264.3,19.97613827,-1837.0,-262.85
7/17/2017 16:00,26.156,-93.672,11.69,266.8,24.88481063,-2132.0,-265.33
7/18/2017 0:00,26.076,-93.634,11.645,268.6,37.51727069,-3133.0,-267.12
7/18/2017 8:00,25.992,-93.614,11.667,266.7,25.73293609,-3165.0,-265.23
7/18/2017 16:00,25.936,-93.584,11.627,263.9,32.23577206,-3207.0,-262.45
7/19/2017 0:00,25.851,-93.523,11.739,267.3,36.77033859,-3242.0,-265.83
7/19/2017 8:00,25.77,-93.502,11.583,264.7,31.54505508,-3304.0,-263.25
7/19/2017 16:00,25.698,-93.439,11.647,266.0,36.1849278,-3344.0,-264.54
7/20/2017 0:00,25.625,-93.38,11.683,263.3,35.17067102,-3388.0,-261.85
7/20/2017 8:00,25.555,-93.306,11.779,264.4,39.32338363,-3417.0,-262.95
7/20/2017 16:00,25.489,-93.227,11.688,265.0,31.97673217,-3467.0,-263.54
7/21/2017 0:00,25.457,-93.151,11.714,265.8,32.62951425,-3476.0,-264.34
7/21/2017 8:00,25.43,-93.058,11.732,264.7,28.97800028,-3473.0,-263.25
7/21/2017 16:00,25.414,-92.993,11.603,261.3,24.66252623,-3472.0,-259.86
7/22/2017 0:00,25.422,-92.909,11.721,264.4,30.8221495,-3457.0,-262.95
7/22/2017 8:00,25.446,-92.829,11.695,265.3,28.71086902,-3427.0,-263.84
7/22/2017 16:00,25.468,-92.756,11.641,262.8,22.81888911,-3405.0,-261.36
7/23/2017 0:00,25.511,-92.711,11.672,263.1,28.27359546,-3369.0,-261.65
7/23/2017 8:00,25.585,-92.662,11.597,261.6,35.12292699,-3316.0,-260.16
7/23/2017 16:00,25.661,-92.618,11.629,262.8,30.03579864,-3261.0,-261.36
7/24/2017 0:00,25.745,-92.608,11.526,260.7,40.38083704,-3194.0,-259.27
7/24/2017 8:00,25.862,-92.617,11.516,256.2,43.38499395,-2622.0,-254.79
7/24/2017 16:00,25.961,-92.648,11.535,258.8,41.0337544,-2233.0,-257.38
7/25/2017 0:00,26.071,-92.699,11.519,257.4,51.26969963,-2096.0,-255.99
7/25/2017 8:00,26.178,-92.789,11.513,257.5,46.33693128,-2043.0,-256.09
7/25/2017 16:00,26.256,-92.863,11.488,260.0,38.92692256,-1999.0,-258.57
7/26/2017 0:00,26.312,-92.981,11.492,255.6,52.16054064,-1893.0,-254.2
7/26/2017 8:00,26.374,-93.111,11.481,254.0,44.25769312,-1861.0,-252.6
7/26/2017 16:00,26.392,-93.213,11.407,255.8,31.13559057,-1901.0,-254.39
7/27/2017 0:00,26.393,-93.318,11.456,253.0,49.69846778,-1755.0,-251.61
7/27/2017 8:00,26.401,-93.47,11.441,253.8,37.34038698,-1802.0,-252.41
7/27/2017 16:00,26.379,-93.532,11.351,250.0,28.62408077,-1898.0,-248.63
7/28/2017 0:00,26.321,-93.626,11.371,249.6,40.60660661,-1984.0,-248.23
7/28/2017 8:00,26.277,-93.709,11.451,252.7,28.46482215,-1849.0,-251.31
7/28/2017 16:00,26.212,-93.739,11.476,253.3,23.5560714,-1897.0,-251.91
7/29/2017 0:00,26.147,-93.752,11.35,251.7,38.68982424,-2538.0,-250.32
7/29/2017 8:00,26.027,-93.769,11.497,253.9,40.40401094,-3155.0,-252.5
7/29/2017 16:00,25.947,-93.718,11.564,260.7,38.70396621,-3200.0,-259.27
7/30/2017 0:00,25.844,-93.672,11.46,253.8,41.76691514,-3267.0,-252.41
7/30/2017 8:00,25.767,-93.615,11.615,263.0,32.81064614,-3314.0,-261.55
7/30/2017 16:00,25.721,-93.529,11.552,257.3,37.51176482,-3338.0,-255.89
7/31/2017 0:00,25.657,-93.448,11.526,258.1,33.09433788,-3373.0,-256.68
7/31/2017 8:00,25.612,-93.385,11.669,260.1,27.70952905,-3393.0,-258.67
7/31/2017 16:00,25.586,-93.306,11.526,255.3,26.80680697,-3397.0,-253.9
8/1/2017 0:00,25.565,-93.245,11.618,259.7,20.41041401,-3425.0,-258.27
8/1/2017 8:00,25.549,-93.191,11.585,257.1,19.80232815,-3436.0,-255.69
8/1/2017 16:00,25.548,-93.135,11.639,259.8,18.99453079,-3434.0,-258.37
8/2/2017 0:00,25.552,-93.082,11.648,259.2,18.58102527,-3427.0,-257.78
8/2/2017 8:00,25.548,-93.033,11.665,259.3,12.93055683,-3423.0,-257.88
8/2/2017 16:00,25.561,-93.001,11.589,259.0,17.6661088,-3411.0,-257.58
8/3/2017 0:00,25.586,-92.946,11.581,259.5,20.81037482,-3388.0,-258.07
8/3/2017 8:00,25.582,-92.897,11.621,258.3,14.03670189,-3377.0,-256.88
8/3/2017 16:00,25.63,-92.87,11.576,257.0,21.92515678,-3337.0,-255.59
8/4/2017 0:00,25.658,-92.826,11.538,256.2,15.58184841,-3310.0,-254.79
8/4/2017 8:00,25.686,-92.796,11.566,256.4,19.58867019,-3285.0,-254.99
8/4/2017 16:00,25.736,-92.76,11.582,255.4,20.80727036,-3240.0,-254.0
8/5/2017 0:00,25.772,-92.729,11.596,253.4,18.90822572,-3203.0,-252.01
8/5/2017 8:00,25.829,-92.698,11.631,252.8,29.50954083,-3148.0,-251.41
8/5/2017 16:00,25.902,-92.675,11.511,251.5,24.3918716,-2530.0,-250.12
8/6/2017 0:00,25.951,-92.661,11.63,253.5,19.22118103,-2281.0,-252.11
8/6/2017 8:00,26.009,-92.648,11.534,248.5,26.33706514,-2150.0,-247.13
8/6/2017 16:00,26.078,-92.637,11.702,256.2,24.43805434,-2118.0,-254.79
8/7/2017 0:00,26.133,-92.63,11.735,254.1,21.63858822,-2160.0,-252.7
8/7/2017 8:00,26.193,-92.653,11.699,254.8,24.64429346,-2081.0,-253.4
8/7/2017 16:00,26.253,-92.653,11.786,260.7,20.86921177,-1887.0,-259.27
8/8/2017 0:00,26.302,-92.668,11.704,255.0,20.73898985,-1882.0,-253.6
8/8/2017 8:00,26.35,-92.695,11.788,258.7,18.27183625,-1934.0,-257.28
8/8/2017 16:00,26.39,-92.715,11.701,255.6,20.16242049,-1881.0,-254.2
8/9/2017 0:00,26.448,-92.739,11.809,260.8,25.49318536,-1885.0,-259.37
8/9/2017 8:00,26.48,-92.802,11.759,259.7,17.43606607,-1789.0,-258.27
8/9/2017 16:00,26.509,-92.821,11.746,257.5,16.22822541,-1931.0,-256.09
8/10/2017 0:00,26.538,-92.884,11.723,256.3,27.57123864,-1678.0,-254.89
8/10/2017 8:00,26.566,-92.944,11.718,256.7,18.07940264,-1662.0,-255.29
8/10/2017 16:00,26.58,-92.984,11.753,255.2,14.82870527,-1576.0,-253.8
8/11/2017 0:00,26.589,-93.038,11.703,256.0,24.11986733,-1712.0,-254.59
8/11/2017 8:00,26.608,-93.112,11.671,257.7,25.63822147,-1685.0,-256.28
8/11/2017 16:00,26.61,-93.178,11.557,252.8,20.68788293,-1635.0,-251.41
8/12/2017 0:00,26.601,-93.245,11.65,252.5,31.04514455,-1534.0,-251.11
8/12/2017 8:00,26.572,-93.343,11.634,251.8,32.28950604,-1624.0,-250.42
8/12/2017 16:00,26.56,-93.417,11.497,250.6,25.28843412,-1652.0,-249.22
8/13/2017 0:00,26.498,-93.489,11.497,250.6,42.68396069,-2097.0,-249.22
8/13/2017 8:00,26.438,-93.595,11.391,247.1,36.2947448,-1610.0,-245.74
8/13/2017 16:00,26.376,-93.653,11.357,244.7,35.79095556,-1591.0,-243.36
8/14/2017 0:00,26.282,-93.718,11.472,247.1,44.94941268,-1865.0,-245.74
8/14/2017 8:00,26.197,-93.791,11.458,248.5,38.49108598,-2060.0,-247.13
8/14/2017 16:00,26.091,-93.804,11.347,248.2,43.23841463,-3059.0,-246.84
8/15/2017 0:00,25.984,-93.824,11.387,246.9,38.48901791,-3200.0,-245.54
8/15/2017 8:00,25.896,-93.824,11.477,249.8,33.05103478,-3229.0,-248.43
8/15/2017 16:00,25.81,-93.775,11.402,246.3,41.86954144,-3293.0,-244.95
8/16/2017 0:00,25.71,-93.732,11.518,250.6,35.52853079,-3355.0,-249.22
8/16/2017 8:00,25.654,-93.665,11.471,248.7,34.57005207,-3386.0,-247.33
8/16/2017 16:00,25.606,-93.569,11.379,248.7,38.73807688,-3418.0,-247.33
8/17/2017 0:00,25.559,-93.483,11.351,244.5,31.72313036,-3436.0,-243.16
8/17/2017 8:00,25.56,-93.388,11.397,247.8,34.181593,-3424.0,-246.44
8/17/2017 16:00,25.558,-93.292,11.202,240.8,32.60284804,-3420.0,-239.48
8/18/2017 0:00,25.595,-93.2,11.406,247.8,38.35232066,-3416.0,-246.44
8/18/2017 8:00,25.642,-93.106,11.184,242.3,33.3505892,-3389.0,-240.97
8/18/2017 16:00,25.712,-93.052,11.284,243.3,37.25875602,-3345.0,-241.96
8/19/2017 0:00,25.809,-93.003,11.299,245.3,41.75196882,-3276.0,-243.95
8/19/2017 8:00,25.91,-92.981,11.221,241.1,37.11789057,-3189.0,-239.78
8/19/2017 16:00,26.006,-92.981,11.465,252.3,40.59714891,-2522.0,-250.91
8/20/2017 0:00,26.114,-93.01,11.318,244.0,40.95694569,-1945.0,-242.66
8/20/2017 8:00,26.2,-93.061,11.305,245.2,36.36319568,-2016.0,-243.85
8/20/2017 16:00,26.278,-93.12,11.416,249.4,36.54944186,-1932.0,-248.03
8/21/2017 0:00,26.34,-93.198,11.294,245.0,35.83984514,-1954.0,-243.65
8/21/2017 8:00,26.378,-93.287,11.322,245.1,30.10864494,-1809.0,-243.75
8/21/2017 16:00,26.4,-93.368,11.293,244.9,33.80652748,-1759.0,-243.55
8/22/2017 0:00,26.406,-93.475,11.239,243.5,34.94255429,-1808.0,-242.16
8/22/2017 8:00,26.379,-93.567,11.456,247.9,37.31538691,-2150.0,-246.54
8/22/2017 16:00,26.337,-93.67,11.208,241.2,34.66319229,-1868.0,-239.87
8/23/2017 0:00,26.278,-93.738,11.308,244.7,39.46624507,-1874.0,-243.36
8/23/2017 8:00,26.18,-93.822,11.28,243.2,50.5771569,-2284.0,-241.86
8/23/2017 16:00,26.068,-93.88,11.256,239.6,43.85424153,-3120.0,-238.28
8/24/2017 0:00,25.965,-93.913,11.317,241.9,41.8284353,-3181.0,-240.57
8/24/2017 8:00,25.852,-93.927,11.364,245.3,45.83010473,-3237.0,-243.95
8/24/2017 16:00,25.731,-93.895,11.208,238.6,48.1205746,-3341.0,-237.29
8/25/2017 0:00,25.62,-93.862,11.375,246.6,39.93012522,-3436.0,-245.25
8/25/2017 8:00,25.543,-93.801,11.258,241.0,34.1391154,-3489.0,-239.68
8/25/2017 16:00,25.488,-93.721,11.529,251.4,40.22678337,-3510.0,-250.02
8/26/2017 0:00,25.446,-93.61,11.316,244.0,35.92726124,-3499.0,-242.66
8/26/2017 8:00,25.437,-93.528,11.334,245.4,29.77768292,-3510.0,-244.05
8/26/2017 16:00,25.463,-93.428,11.425,250.2,40.73487572,-3487.0,-248.83
8/27/2017 0:00,25.51,-93.326,11.54,253.5,36.8220654,-3451.0,-252.11
8/27/2017 8:00,25.582,-93.262,11.339,245.8,39.14014308,-3413.0,-244.45
8/27/2017 16:00,25.692,-93.221,11.329,246.0,50.25787998,-3372.0,-244.65
8/28/2017 0:00,25.818,-93.198,11.289,243.7,42.46328532,-3302.0,-242.36
8/28/2017 8:00,25.912,-93.2,11.281,240.7,38.9792278,-3239.0,-239.38
8/28/2017 16:00,26.023,-93.262,11.397,247.0,52.21670614,-3132.0,-245.64
8/29/2017 0:00,26.125,-93.317,11.221,240.7,29.84852593,-2965.0,-239.38
8/29/2017 8:00,26.152,-93.404,11.375,247.4,44.82831694,-2912.0,-246.04
8/29/2017 16:00,26.225,-93.528,11.08,239.1,39.65508542,-1913.0,-237.79
8/30/2017 0:00,26.225,-93.616,11.181,242.0,37.45307598,-1896.0,-240.67
8/30/2017 8:00,26.211,-93.747,11.028,236.5,45.15630853,-1866.0,-235.2
8/30/2017 16:00,26.158,-93.85,11.059,238.0,40.34914125,-2761.0,-236.69
8/31/2017 0:00,26.083,-93.939,11.112,242.4,46.4665697,-3102.0,-241.07
8/31/2017 8:00,25.98,-94.02,11.123,237.9,45.18937154,-3142.0,-236.59
8/31/2017 16:00,25.893,-94.085,11.321,242.3,40.62872998,-3188.0,-240.97
9/1/2017 0:00,25.774,-94.111,11.358,248.8,52.49419492,-3294.0,-247.43
9/1/2017 8:00,25.642,-94.126,11.583,253.7,45.04545815,-3401.0,-252.31
9/1/2017 16:00,25.546,-94.11,11.564,252.9,34.59174034,-3477.0,-251.51
9/2/2017 0:00,25.463,-94.056,11.663,253.1,40.88616514,-3532.0,-251.71
9/2/2017 8:00,25.38,-93.984,11.892,262.8,36.03065917,-3591.0,-261.36
9/2/2017 16:00,25.336,-93.913,11.86,259.6,32.8147543,-3603.0,-258.17
9/3/2017 0:00,25.338,-93.799,11.983,266.6,39.74987421,-3594.0,-265.14
9/3/2017 8:00,25.319,-93.702,11.863,261.8,30.31172215,-3585.0,-260.36
9/3/2017 16:00,25.36,-93.619,11.925,263.6,36.29795173,-3552.0,-262.15
9/4/2017 0:00,25.418,-93.536,11.744,261.8,36.78446683,-3519.0,-260.36
9/4/2017 8:00,25.478,-93.459,11.795,258.5,32.94972686,-3483.0,-257.08
9/4/2017 16:00,25.556,-93.416,11.66,254.5,39.86074886,-3430.0,-253.1
9/5/2017 0:00,25.674,-93.393,11.688,253.4,48.55059423,-3360.0,-252.01
9/5/2017 8:00,25.784,-93.368,11.617,255.1,35.00775057,-3289.0,-253.7
9/5/2017 16:00,25.867,-93.388,11.636,254.6,38.29816836,-3254.0,-253.2
9/6/2017 0:00,25.977,-93.431,11.412,245.3,46.34010142,-3169.0,-243.95
9/6/2017 8:00,26.069,-93.475,11.432,247.9,27.59730603,-3042.0,-246.54
9/6/2017 16:00,26.112,-93.526,11.393,247.2,33.77900679,-2724.0,-245.84
9/7/2017 0:00,26.167,-93.637,11.365,244.6,43.06116232,-2168.0,-243.26
9/7/2017 8:00,26.211,-93.724,11.195,239.4,29.88466162,-1870.0,-238.08
9/7/2017 16:00,26.201,-93.819,11.319,243.3,39.20065433,-2246.0,-241.96
9/8/2017 0:00,26.16,-93.931,11.208,236.1,41.52387506,-2397.0,-234.8
9/8/2017 8:00,26.139,-94.038,11.399,245.2,33.44112737,-3005.0,-243.85
9/8/2017 16:00,26.073,-94.112,11.109,235.9,44.50323359,-3060.0,-234.6
9/9/2017 0:00,25.976,-94.196,11.459,249.2,43.78060073,-3072.0,-247.83
9/9/2017 8:00,25.919,-94.282,11.361,245.0,33.16698509,-3147.0,-243.65
9/9/2017 16:00,25.821,-94.304,11.356,243.9,42.74783035,-3237.0,-242.56
9/10/2017 0:00,25.717,-94.321,11.441,248.5,36.76820909,-3317.0,-247.13
9/10/2017 8:00,25.637,-94.331,11.508,248.7,27.21758623,-3385.0,-247.33
9/10/2017 16:00,25.569,-94.279,11.732,255.9,38.2144279,-3444.0,-254.49
9/11/2017 0:00,25.48,-94.22,11.649,255.8,37.86515549,-3510.0,-254.39
9/11/2017 8:00,25.41,-94.19,11.695,256.1,20.42057051,-3551.0,-254.69
9/11/2017 16:00,25.399,-94.113,11.718,257.5,35.07196174,-3566.0,-256.09
9/12/2017 0:00,25.355,-94.018,11.683,253.9,31.45237988,-3602.0,-252.5
9/12/2017 8:00,25.341,-93.958,11.688,254.0,20.0231491,-3605.0,-252.6
9/12/2017 16:00,25.374,-93.886,11.689,253.7,37.59599048,-3588.0,-252.31
9/13/2017 0:00,25.405,-93.78,11.589,251.4,31.54826461,-3557.0,-250.02
9/13/2017 8:00,25.421,-93.721,11.606,252.2,26.25663535,-3539.0,-250.81
9/13/2017 16:00,25.526,-93.675,11.644,253.2,51.94403238,-3478.0,-251.81
9/14/2017 0:00,25.629,-93.601,11.715,254.0,36.9798391,-3406.0,-252.6
9/14/2017 8:00,25.716,-93.588,11.578,251.6,45.93327443,-3346.0,-250.22
9/14/2017 16:00,25.864,-93.608,11.537,249.7,58.1426255,-3247.0,-248.33
9/15/2017 0:00,25.994,-93.618,11.559,251.1,45.34679923,-3169.0,-249.72
9/15/2017 8:00,26.101,-93.678,11.654,251.6,48.44127992,-3018.0,-250.22
9/15/2017 16:00,26.204,-93.765,11.58,252.3,51.49214503,-1874.0,-250.91
9/16/2017 0:00,26.293,-93.865,11.659,252.1,43.7052228,-1795.0,-250.71
9/16/2017 8:00,26.32,-93.987,11.52,248.5,45.8911157,-1812.0,-247.13
9/16/2017 16:00,26.34,-94.109,11.641,252.1,34.9273088,-1660.0,-250.71
9/17/2017 0:00,26.302,-94.201,11.708,252.7,43.6652356,-2023.0,-251.31
9/17/2017 8:00,26.239,-94.324,11.699,251.8,45.61389701,-1995.0,-250.42
9/17/2017 16:00,26.157,-94.394,11.529,249.3,39.88106944,-2842.0,-247.93
9/18/2017 0:00,26.046,-94.438,11.602,253.0,53.7317234,-2931.0,-251.61
9/18/2017 8:00,25.9,-94.468,11.693,255.2,53.48799585,-3110.0,-253.8
9/18/2017 16:00,25.784,-94.454,11.54,248.0,40.18841873,-3258.0,-246.64
9/19/2017 0:00,25.69,-94.397,11.622,252.9,44.41413401,-3336.0,-251.51
9/19/2017 8:00,25.586,-94.336,11.643,253.4,43.47165168,-3419.0,-252.01
9/19/2017 16:00,25.507,-94.261,11.647,250.4,38.26073313,-3486.0,-249.02
9/20/2017 0:00,25.451,-94.179,11.608,251.1,32.46786103,-3531.0,-249.72
9/20/2017 8:00,25.421,-94.098,11.678,251.6,31.11058019,-3555.0,-250.22
9/20/2017 16:00,25.391,-94.022,11.636,253.9,22.17923804,-3583.0,-252.5
9/21/2017 0:00,25.394,-93.971,11.572,249.3,20.24366074,-3583.0,-247.93
9/21/2017 8:00,25.422,-93.908,11.523,246.3,25.66219398,-3562.0,-244.95
9/21/2017 16:00,25.46,-93.852,11.556,248.8,24.55811271,-3535.0,-247.43
9/22/2017 0:00,25.513,-93.81,11.472,246.2,25.74972815,-3507.0,-244.85
9/22/2017 8:00,25.576,-93.784,11.623,249.3,24.84862974,-3460.0,-247.93
9/22/2017 16:00,25.631,-93.768,11.507,245.2,22.88809516,-3409.0,-243.85
9/23/2017 0:00,25.706,-93.812,11.529,250.5,42.66311287,-3363.0,-249.12
9/23/2017 8:00,25.823,-93.846,11.52,244.2,42.94152769,-3273.0,-242.86
9/23/2017 16:00,25.915,-93.884,11.408,241.9,39.52611795,-3202.0,-240.57
9/24/2017 0:00,26.011,-93.959,11.407,243.5,50.55511448,-3145.0,-242.16
9/24/2017 8:00,26.097,-94.064,11.361,242.5,41.65163262,-3072.0,-241.17
9/24/2017 16:00,26.161,-94.137,11.409,244.3,36.19305182,-2714.0,-242.96
9/25/2017 0:00,26.21,-94.239,11.295,241.6,39.77702352,-2086.0,-240.27
9/25/2017 8:00,26.24,-94.339,11.54,243.9,34.65584222,-2113.0,-242.56
9/25/2017 16:00,26.267,-94.424,11.457,246.0,25.61938329,-2457.0,-244.65
9/26/2017 0:00,26.246,-94.495,11.532,245.6,29.87048878,-2755.0,-244.25
9/26/2017 8:00,26.22,-94.582,11.427,241.4,29.60893277,-2671.0,-240.07
9/26/2017 16:00,26.197,-94.653,11.593,246.5,27.25679365,-2570.0,-245.15
9/27/2017 0:00,26.136,-94.711,11.47,244.6,31.0789736,-2926.0,-243.26
9/27/2017 8:00,26.07,-94.763,11.645,251.8,35.32050113,-2964.0,-250.42
9/27/2017 16:00,25.981,-94.812,11.556,247.5,36.31856412,-3037.0,-246.14
9/28/2017 0:00,25.898,-94.826,11.62,249.4,31.33770891,-3137.0,-248.03
9/28/2017 8:00,25.813,-94.829,11.618,254.2,35.66516648,-3102.0,-252.8
9/28/2017 16:00,25.715,-94.794,11.739,254.1,41.15261353,-3278.0,-252.7
9/29/2017 0:00,25.612,-94.757,11.639,248.3,45.30086644,-3365.0,-246.94
9/29/2017 8:00,25.509,-94.677,11.812,257.8,48.23863389,-3428.0,-256.38
9/29/2017 16:00,25.43,-94.578,11.666,252.4,46.11711179,-3500.0,-251.01
9/30/2017 0:00,25.379,-94.454,11.721,253.6,47.78527493,-3537.0,-252.21
9/30/2017 8:00,25.356,-94.33,11.738,253.0,39.03788032,-3567.0,-251.61
9/30/2017 16:00,25.357,-94.221,11.775,250.7,43.8025981,-3578.0,-249.32
10/1/2017 0:00,25.401,-94.096,11.8,257.6,39.83873743,-3566.0,-256.18
10/1/2017 8:00,25.459,-94.031,11.645,251.7,34.41806067,-3536.0,-250.32
10/1/2017 16:00,25.556,-93.98,11.721,253.4,44.56725367,-3477.0,-252.01
10/2/2017 0:00,25.663,-93.951,11.602,248.4,39.816479,-3403.0,-247.04
10/2/2017 8:00,25.767,-93.971,11.427,243.0,45.97215027,-3301.0,-241.66
10/2/2017 16:00,25.887,-94.024,11.378,239.5,48.89838545,-3195.0,-238.18
10/3/2017 0:00,25.995,-94.067,11.338,242.7,41.20925382,-3122.0,-241.37
10/3/2017 8:00,26.07,-94.16,11.321,238.1,46.61751709,-3031.0,-236.79
10/3/2017 16:00,26.132,-94.272,11.299,235.8,41.64268243,-2842.0,-234.5
10/4/2017 0:00,26.178,-94.366,11.439,242.3,36.08179181,-2846.0,-240.97
10/4/2017 8:00,26.181,-94.475,11.372,239.7,36.87062381,-2840.0,-238.38
10/4/2017 16:00,26.168,-94.57,11.322,237.4,31.89992633,-2685.0,-236.1
10/5/2017 0:00,26.136,-94.657,11.366,241.2,32.96083888,-2892.0,-239.87
10/5/2017 8:00,26.084,-94.736,11.271,237.0,36.94209658,-3010.0,-235.7
10/5/2017 16:00,26.007,-94.803,11.358,238.1,34.33319094,-2999.0,-236.79
10/6/2017 0:00,25.926,-94.829,11.249,237.0,35.73546838,-3102.0,-235.7
10/6/2017 8:00,25.826,-94.839,11.45,241.4,38.91073117,-3105.0,-240.07
10/6/2017 16:00,25.728,-94.812,11.391,240.2,42.00966793,-3252.0,-238.88
10/7/2017 0:00,25.623,-94.745,11.427,245.9,50.0766143,-3360.0,-244.55
10/7/2017 8:00,25.52,-94.665,11.554,248.3,46.04957872,-3425.0,-246.94
10/7/2017 16:00,25.469,-94.553,11.391,239.5,40.60939423,-3474.0,-238.18
10/8/2017 0:00,25.453,-94.454,,,30.82927505,-3496.0,
10/8/2017 8:00,25.463,-94.375,,,25.42483235,-3488.0,
10/8/2017 16:00,25.498,-94.315,,,25.7821062,-3482.0,
10/9/2017 0:00,25.558,-94.27,,,31.47388124,-3453.0,
10/9/2017 8:00,25.646,-94.237,,,40.48168228,-3399.0,
10/9/2017 16:00,25.761,-94.215,,,49.36178785,-3291.0,
10/10/2017 0:00,25.895,-94.209,,,52.40725618,-3185.0,
10/10/2017 8:00,26.025,-94.227,,,48.41262026,-3033.0,
10/10/2017 16:00,26.135,-94.272,,,42.56765204,-2798.0,
10/11/2017 0:00,26.219,-94.341,,,38.59439597,-2323.0,
10/11/2017 8:00,26.276,-94.429,,,37.08296105,-2446.0,
10/11/2017 16:00,26.305,-94.531,11.547,240.9,37.68744088,-2577.0,-239.58
10/12/2017 0:00,26.307,-94.641,11.575,243.0,38.06253407,-2282.0,-241.66
10/12/2017 8:00,26.287,-94.742,11.523,239.1,31.95000626,-1856.0,-237.79
10/12/2017 16:00,26.241,-94.81,11.41,236.4,30.06050232,-1981.0,-235.1
10/13/2017 0:00,26.172,-94.861,11.504,239.4,32.73563502,-2366.0,-238.08
10/13/2017 8:00,26.105,-94.906,11.366,236.0,26.41482349,-2312.0,-234.7
10/13/2017 16:00,26.034,-94.906,11.144,231.9,32.21723297,-2705.0,-230.63
10/14/2017 0:00,25.945,-94.889,11.292,232.1,34.17328196,-2977.0,-230.82
10/14/2017 8:00,25.871,-94.849,11.41,235.9,32.52510569,-3111.0,-234.6
10/14/2017 16:00,25.815,-94.769,11.186,229.7,36.02608499,-3196.0,-228.44
10/15/2017 0:00,25.765,-94.68,11.354,237.3,39.34915501,-3291.0,-236.0
10/15/2017 8:00,25.728,-94.563,11.237,232.2,44.48615515,-3316.0,-230.92
10/15/2017 16:00,25.712,-94.438,11.356,236.3,44.23002826,-3316.0,-235.0
10/16/2017 0:00,25.725,-94.312,11.559,241.8,42.6490164,-3316.0,-240.47
10/16/2017 8:00,25.754,-94.202,11.571,238.9,38.62812576,-3303.0,-237.59
10/16/2017 16:00,25.821,-94.114,11.834,250.1,42.51848069,-3246.0,-248.73
10/17/2017 0:00,25.918,-94.052,11.824,250.8,42.66626771,-3174.0,-249.42
10/17/2017 8:00,26.021,-94.028,12.015,255.4,38.85254174,-3125.0,-254.0
10/17/2017 16:00,26.12,-94.039,12.065,259.2,41.17119624,-3068.0,-257.78
10/18/2017 0:00,26.23,-94.1,12.055,256.3,53.70538986,-2144.0,-254.89
10/18/2017 8:00,26.341,-94.196,12.026,256.2,50.92155634,-1769.0,-254.79
10/18/2017 16:00,26.397,-94.33,11.863,254.4,55.75857692,-1706.0,-253.0
10/19/2017 0:00,26.439,-94.493,12.008,256.4,58.67062723,-2513.0,-254.99
10/19/2017 8:00,26.437,-94.659,11.768,247.3,56.87011957,-1804.0,-245.94
10/19/2017 16:00,26.401,-94.815,11.627,244.2,55.01198778,-1770.0,-242.86
10/20/2017 0:00,26.332,-94.948,11.721,245.5,50.23475391,-1682.0,-244.15
10/20/2017 8:00,26.249,-95.04,11.689,244.5,39.76983907,-2355.0,-243.16
10/20/2017 16:00,26.161,-95.081,11.407,235.8,37.38149275,-2348.0,-234.5
10/21/2017 0:00,26.066,-95.094,11.309,230.8,32.77181716,-2347.0,-229.53
10/21/2017 8:00,,,11.251,228.0,,,-226.75
10/21/2017 16:00,25.952,-95.026,11.17,226.8,33.14402661,-2579.0,-225.55
10/22/2017 0:00,25.951,-94.912,,,56.27022747,-2937.0,
10/22/2017 8:00,26.074,-94.77,,,60.82711566,-2954.0,
10/22/2017 16:00,26.144,-94.673,,,36.23269242,-2880.0,
10/23/2017 0:00,26.207,-94.592,,,35.72821014,-2626.0,
10/23/2017 8:00,26.268,-94.528,,,29.43204036,-2661.0,
10/23/2017 16:00,26.325,-94.482,,,25.05751783,-2462.0,
10/24/2017 0:00,26.38,-94.457,,,21.3058912,-2272.0,
10/24/2017 8:00,26.433,-94.457,,,20.56393202,-2488.0,
10/24/2017 16:00,26.484,-94.484,,,24.38150324,-1899.0,
10/25/2017 0:00,26.532,-94.546,11.477,234.9,32.99413433,-2234.0,-233.61
10/25/2017 8:00,26.574,-94.645,11.683,246.6,42.80388417,-1785.0,-245.25
10/25/2017 16:00,26.599,-94.778,11.571,240.2,51.46412828,-1505.0,-238.88
10/26/2017 0:00,26.591,-94.935,11.646,241.9,54.61452188,-1772.0,-240.57
10/26/2017 8:00,26.552,-95.071,11.765,245.1,41.21103008,-1692.0,-243.75
10/26/2017 16:00,26.49,-95.158,11.66,240.3,44.88973713,-1712.0,-238.98
10/27/2017 0:00,26.379,-95.257,11.714,244.4,60.03584346,-1601.0,-243.06
10/27/2017 8:00,26.251,-95.328,11.658,242.0,46.80668756,-1650.0,-240.67
10/27/2017 16:00,26.139,-95.32,11.628,241.1,45.14148535,-1739.0,-239.78
10/28/2017 0:00,26.024,-95.306,11.672,242.6,39.11418796,-1916.0,-241.27
10/28/2017 8:00,25.939,-95.268,11.457,233.0,39.21748207,-1844.0,-231.72
10/28/2017 16:00,25.853,-95.189,11.455,234.2,39.24237633,-1950.0,-232.91
10/29/2017 0:00,25.79,-95.128,11.456,234.7,29.99420277,-2809.0,-233.41
10/29/2017 8:00,25.749,-95.047,11.392,232.1,35.15253903,-3062.0,-230.82
10/29/2017 16:00,25.737,-94.946,11.486,235.6,32.08568528,-2909.0,-234.31
10/30/2017 0:00,25.727,-94.872,11.523,235.7,21.87501086,-3161.0,-234.4
10/30/2017 8:00,25.752,-94.806,11.574,237.6,30.96796086,-3231.0,-236.29
10/30/2017 16:00,25.797,-94.725,11.446,233.1,30.08013464,-3244.0,-231.82
10/31/2017 0:00,25.861,-94.684,11.633,241.6,31.37334219,-3205.0,-240.27
10/31/2017 8:00,25.946,-94.643,11.566,235.9,39.34924904,-3144.0,-234.6
10/31/2017 16:00,26.049,-94.613,11.511,236.2,42.0244417,-2995.0,-234.9
11/1/2017 0:00,26.155,-94.607,11.47,235.0,40.2309893,-2818.0,-233.71
11/1/2017 8:00,26.261,-94.638,11.658,240.3,45.24901104,-2467.0,-238.98
11/1/2017 16:00,26.372,-94.685,11.62,239.5,44.54136168,-1845.0,-238.18
11/2/2017 0:00,26.454,-94.772,11.635,239.3,42.8204589,-1748.0,-237.99
11/2/2017 8:00,26.524,-94.861,11.661,238.0,39.6473076,-1674.0,-236.69
11/2/2017 16:00,26.569,-94.961,11.723,242.8,38.20586997,-1769.0,-241.47
11/3/2017 0:00,26.582,-95.07,11.647,241.4,37.84006475,-1695.0,-240.07
11/3/2017 8:00,26.569,-95.178,11.688,239.5,38.41601879,-1656.0,-238.18
11/3/2017 16:00,26.533,-95.28,11.736,243.9,35.40250415,-1654.0,-242.56
11/4/2017 0:00,26.489,-95.363,11.636,237.9,34.81156417,-1606.0,-236.59
11/4/2017 8:00,26.408,-95.431,11.7,242.5,41.60653074,-1573.0,-241.17
11/4/2017 16:00,26.309,-95.486,11.701,242.7,45.44645421,-1560.0,-241.37
11/5/2017 0:00,26.194,-95.509,11.616,236.0,40.97917154,-1477.0,-234.7
11/5/2017 8:00,26.096,-95.481,11.677,240.3,41.38778201,-1824.0,-238.98
11/5/2017 16:00,25.984,-95.452,11.636,243.0,44.82832252,-1592.0,-241.66
11/6/2017 0:00,25.884,-95.393,11.629,242.3,43.9486894,-2066.0,-240.97
11/6/2017 8:00,25.798,-95.305,11.691,242.4,46.10683247,-2220.0,-241.07
11/6/2017 16:00,25.719,-95.208,11.634,247.8,44.04812141,-2737.0,-246.44
11/7/2017 0:00,25.675,-95.093,11.694,242.1,43.59027414,-3038.0,-240.77
11/7/2017 8:00,25.645,-94.979,11.676,242.5,37.13488522,-3177.0,-241.17
11/7/2017 16:00,25.654,-94.882,11.762,244.6,32.40238263,-3294.0,-243.26
11/8/2017 0:00,25.683,-94.794,11.736,240.2,34.56465536,-3313.0,-238.88
11/8/2017 8:00,25.73,-94.713,11.735,240.5,29.01278511,-3306.0,-239.18
11/8/2017 16:00,25.791,-94.675,11.659,240.4,29.49918134,-3272.0,-239.08
11/9/2017 0:00,25.871,-94.643,11.714,243.1,34.26409929,-3202.0,-241.76
11/9/2017 8:00,25.958,-94.627,11.645,240.9,34.79710476,-3137.0,-239.58
11/9/2017 16:00,26.052,-94.652,11.802,245.6,39.3242546,-3015.0,-244.25
11/10/2017 0:00,26.15,-94.693,11.554,236.3,42.87013413,-2896.0,-235.0
11/10/2017 8:00,26.244,-94.764,11.694,242.0,41.95297486,-2155.0,-240.67
11/10/2017 16:00,26.31,-94.85,11.622,238.4,40.04495474,-1733.0,-237.09
11/11/2017 0:00,26.349,-94.969,11.662,240.6,45.79027517,-1673.0,-239.28
11/11/2017 8:00,26.377,-95.089,11.591,239.4,38.41079275,-1582.0,-238.08
11/11/2017 16:00,26.358,-95.192,11.555,235.7,36.57958174,-1725.0,-234.4
11/12/2017 0:00,26.319,-95.291,11.635,238.3,38.91718001,-1567.0,-236.99
11/12/2017 8:00,26.266,-95.378,11.338,226.6,29.7419569,-1602.0,-225.35
11/12/2017 16:00,26.211,-95.423,11.448,230.5,30.67982399,-1576.0,-229.23
11/13/2017 0:00,26.129,-95.457,11.394,232.8,28.66003838,-1810.0,-231.52
11/13/2017 8:00,26.066,-95.471,11.507,238.2,32.90367913,-1458.0,-236.89
11/13/2017 16:00,25.954,-95.442,11.648,242.2,46.80189419,-1703.0,-240.87
11/14/2017 0:00,25.856,-95.387,11.648,240.6,40.98350522,-2014.0,-239.28
11/14/2017 8:00,25.775,-95.307,11.544,238.0,43.77114346,-2275.0,-236.69
11/14/2017 16:00,25.711,-95.195,11.606,240.6,48.25255226,-2802.0,-239.28
11/15/2017 0:00,25.673,-95.058,11.692,244.4,50.31702793,-3027.0,-243.06
11/15/2017 8:00,25.652,-94.924,11.757,243.0,43.43874423,-3234.0,-241.66
11/15/2017 16:00,25.686,-94.806,11.802,245.5,46.41040616,-3304.0,-244.15
11/16/2017 0:00,25.753,-94.688,11.833,242.4,48.3824617,-3302.0,-241.07
11/16/2017 8:00,25.843,-94.604,11.878,248.1,42.99514856,-3220.0,-246.74
11/16/2017 16:00,25.955,-94.568,11.955,249.8,51.04516627,-3102.0,-248.43
11/17/2017 0:00,26.09,-94.552,12.059,253.9,48.95312247,-2881.0,-252.5
11/17/2017 8:00,26.204,-94.617,11.979,248.2,53.00205751,-2714.0,-246.84
11/17/2017 16:00,26.321,-94.701,11.874,246.7,52.37497494,-1831.0,-245.34
11/18/2017 0:00,26.392,-94.831,11.946,250.1,53.39314188,-1756.0,-248.73
11/18/2017 8:00,26.439,-94.972,11.799,242.9,50.86956654,-1634.0,-241.57
11/18/2017 16:00,26.445,-95.115,11.589,235.3,49.03697584,-1729.0,-234.01
11/19/2017 0:00,26.401,-95.244,11.622,240.2,44.90318586,-1678.0,-238.88
11/19/2017 8:00,26.341,-95.343,11.444,231.5,39.9979462,-1600.0,-230.23
11/19/2017 16:00,26.261,-95.411,11.597,237.1,36.07829541,-1590.0,-235.8
11/20/2017 0:00,26.187,-95.445,11.498,233.3,26.37002086,-1573.0,-232.02
11/20/2017 8:00,26.112,-95.448,11.337,229.0,36.92238887,-1532.0,-227.74
11/20/2017 16:00,26.008,-95.442,11.401,228.0,35.08877028,-1611.0,-226.75
11/21/2017 0:00,25.94,-95.392,11.285,227.9,34.23680184,-1817.0,-226.65
11/21/2017 8:00,25.862,-95.33,11.396,224.2,35.85841184,-2062.0,-222.97
11/21/2017 16:00,25.823,-95.236,11.395,228.3,39.09570309,-2329.0,-227.05
11/22/2017 0:00,25.8,-95.126,11.425,228.2,36.06251516,-2777.0,-226.95
11/22/2017 8:00,25.803,-95.03,11.446,231.5,34.80873454,-3073.0,-230.23
11/22/2017 16:00,25.838,-94.928,11.449,232.4,38.60029145,-2968.0,-231.12
11/23/2017 0:00,25.882,-94.834,11.707,239.9,35.66591931,-3121.0,-238.58
11/23/2017 8:00,25.958,-94.766,11.589,235.6,41.01288822,-3113.0,-234.31
11/23/2017 16:00,26.055,-94.711,11.705,241.2,42.31146417,-3039.0,-239.87
11/24/2017 0:00,26.159,-94.698,11.786,242.3,38.38284122,-2879.0,-240.97
11/24/2017 8:00,26.254,-94.73,11.82,245.6,40.983626,-2390.0,-244.25
11/24/2017 16:00,26.354,-94.795,11.87,246.9,48.00927931,-1722.0,-245.54
11/25/2017 0:00,26.443,-94.9,11.866,247.5,51.01285524,-1606.0,-246.14
11/25/2017 8:00,26.502,-95.029,11.93,247.6,48.6505519,-1638.0,-246.24
11/25/2017 16:00,26.521,-95.167,11.927,244.7,50.41000397,-1607.0,-243.36
11/26/2017 0:00,26.504,-95.309,11.768,243.2,43.17504951,-1645.0,-241.86
11/26/2017 8:00,26.478,-95.42,11.788,242.3,45.82004038,-1597.0,-240.97
11/26/2017 16:00,26.403,-95.545,11.704,239.0,48.01430828,-1520.0,-237.69
11/27/2017 0:00,26.322,-95.614,11.649,239.0,39.02978606,-1403.0,-237.69
11/27/2017 8:00,26.213,-95.638,11.625,237.6,43.04468028,-1339.0,-236.29
11/27/2017 16:00,26.125,-95.636,11.587,233.2,20.29012075,-1142.0,-231.92
11/28/2017 0:00,26.086,-95.627,11.446,230.3,24.94218314,-1388.0,-229.03
11/28/2017 8:00,25.966,-95.555,11.486,229.3,102.0720476,-1586.0,-228.04
11/28/2017 16:00,25.813,-95.238,11.427,229.1,92.53113638,-2335.0,-227.84
11/29/2017 0:00,25.791,-95.127,11.448,228.2,23.15996546,-2809.0,-226.95
11/29/2017 8:00,25.795,-95.03,11.563,237.2,39.74686529,-3073.0,-235.9
11/29/2017 16:00,25.834,-94.921,11.622,239.6,39.45523286,-2947.0,-238.28
11/30/2017 0:00,25.879,-94.828,11.505,233.1,36.32465416,-3134.0,-231.82
11/30/2017 8:00,25.959,-94.757,,,42.6055548,-3111.0,
11/30/2017 16:00,26.059,-94.701,11.828,236.5,42.71071294,-3021.0,-235.2
12/1/2017 0:00,26.164,-94.689,11.886,236.0,38.914072,-2845.0,-234.7
12/1/2017 8:00,26.26,-94.721,11.998,241.0,41.33880501,-2341.0,-239.68
12/1/2017 16:00,26.36,-94.785,11.859,237.1,47.79443064,-1722.0,-235.8
12/2/2017 0:00,26.448,-94.891,11.798,233.2,50.99275635,-1610.0,-231.92
12/2/2017 8:00,26.509,-95.019,11.826,237.3,48.81272375,-1666.0,-236.0
12/2/2017 16:00,26.537,-95.158,11.732,233.4,55.25803923,-1594.0,-232.12
12/3/2017 0:00,26.497,-95.338,11.773,235.1,69.11232886,-1626.0,-233.81
12/3/2017 8:00,26.43,-95.504,11.743,232.8,50.37181752,-1532.0,-231.52
12/3/2017 16:00,26.383,-95.601,11.71,229.7,32.67539747,-1453.0,-228.44
12/4/2017 0:00,26.312,-95.658,11.735,231.9,34.31566698,-1335.0,-230.63
12/4/2017 8:00,26.226,-95.686,11.721,229.5,35.85345869,-1301.0,-228.24
12/4/2017 16:00,26.134,-95.701,11.858,233.8,34.08007189,-973.0,-232.52
12/5/2017 0:00,26.044,-95.677,11.682,228.8,42.95875231,-1194.0,-227.54
12/5/2017 8:00,25.936,-95.617,11.816,234.8,42.73584444,-1585.0,-233.51
12/5/2017 16:00,25.856,-95.559,11.728,227.9,37.98855091,-1783.0,-226.65
12/6/2017 0:00,25.798,-95.451,11.847,238.5,44.73235295,-1952.0,-237.19
12/6/2017 8:00,25.75,-95.346,12.085,240.9,38.20189655,-2148.0,-239.58
12/6/2017 16:00,25.734,-95.241,11.925,240.6,36.51829268,-2575.0,-239.28
12/7/2017 0:00,25.761,-95.142,12.106,243.5,35.21750985,-2844.0,-242.16
12/7/2017 8:00,25.814,-95.067,12.039,246.6,31.9679918,-3060.0,-245.25
12/7/2017 16:00,25.882,-95.02,12.186,246.2,32.15921952,-2946.0,-244.85
12/8/2017 0:00,25.979,-95.019,11.976,237.6,45.79294815,-2509.0,-236.29
12/8/2017 8:00,,,11.93,238.8,,,-237.49
12/8/2017 16:00,,,11.964,239.1,,,-237.79
12/9/2017 0:00,,,11.906,235.4,,,-234.11
12/9/2017 8:00,,,11.855,234.0,,,-232.71
12/9/2017 16:00,,,11.906,236.6,,,-235.3
12/10/2017 0:00,,,,,,,
12/10/2017 8:00,,,,,,,
12/10/2017 16:00,,,,,,,
12/11/2017 0:00,,,,,,,
12/11/2017 8:00,,,,,,,
12/11/2017 16:00,,,,,,,
12/12/2017 0:00,,,,,,,
12/12/2017 8:00,,,,,,,
12/12/2017 16:00,,,,,,,
12/13/2017 0:00,,,,,,,
12/13/2017 8:00,,,,,,,
12/13/2017 16:00,,,,,,,
12/14/2017 0:00,,,,,,,
12/14/2017 8:00,,,,,,,
12/14/2017 16:00,,,,,,,
12/15/2017 0:00,,,11.851,231.5,,,-230.23
12/15/2017 8:00,26.022,-95.127,11.803,232.6,40.00553087,-1893.0,-231.32
12/15/2017 16:00,,,11.904,232.9,,,-231.62
12/16/2017 0:00,26.242,-95.112,11.828,231.2,47.8700376,-1647.0,-229.93
12/16/2017 8:00,26.37,-95.121,11.863,233.1,48.32442447,-1704.0,-231.82
12/16/2017 16:00,26.485,-95.152,11.854,233.1,44.20995476,-1712.0,-231.82
12/17/2017 0:00,26.585,-95.196,11.735,228.2,37.15602374,-1664.0,-226.95
12/17/2017 8:00,26.655,-95.26,11.846,232.7,35.04087328,-1599.0,-231.42
12/17/2017 16:00,26.72,-95.333,11.732,227.8,35.29113486,-1509.0,-226.55
12/18/2017 0:00,26.755,-95.428,11.702,227.6,36.64774209,-1465.0,-226.35
12/18/2017 8:00,26.768,-95.535,11.735,228.1,36.30141595,-1321.0,-226.85
12/18/2017 16:00,26.772,-95.63,11.47,224.3,29.47335407,-1268.0,-223.07
12/19/2017 0:00,26.729,-95.707,11.645,226.6,35.46022279,-1246.0,-225.35
12/19/2017 8:00,26.669,-95.791,11.671,226.4,35.9749524,-1345.0,-225.16
12/19/2017 16:00,26.61,-95.852,11.624,222.8,27.1239562,-1277.0,-221.58
12/20/2017 0:00,26.53,-95.864,11.59,224.3,39.01185717,-1233.0,-223.07
12/20/2017 8:00,26.423,-95.876,11.548,221.5,35.60118116,-1203.0,-220.28
12/20/2017 16:00,26.348,-95.851,11.519,221.2,34.4690847,-1215.0,-219.98
12/21/2017 0:00,26.256,-95.79,11.585,222.7,43.5487784,-1250.0,-221.48
12/21/2017 8:00,26.169,-95.719,11.526,220.8,40.84154992,-1293.0,-219.59
12/21/2017 16:00,26.118,-95.609,11.701,227.5,44.85398533,-1366.0,-226.25
12/22/2017 0:00,26.092,-95.481,11.779,227.2,47.24741792,-1812.0,-225.95
12/22/2017 8:00,26.106,-95.344,11.744,227.3,45.9888954,-1671.0,-226.05
12/22/2017 16:00,26.136,-95.23,11.86,229.0,38.22475114,-1833.0,-227.74
12/23/2017 0:00,26.208,-95.149,11.816,227.8,44.02897342,-1471.0,-226.55
12/23/2017 8:00,26.33,-95.098,11.926,235.1,56.91497957,-1798.0,-233.81
12/23/2017 16:00,26.471,-95.069,11.843,227.2,46.37731342,-1661.0,-225.95
12/24/2017 0:00,26.577,-95.086,11.977,237.4,46.24313354,-1682.0,-236.1
12/24/2017 8:00,26.704,-95.131,11.759,227.0,49.38332107,-1609.0,-225.75
12/24/2017 16:00,26.786,-95.225,11.952,233.1,43.4606086,-1592.0,-231.82
12/25/2017 0:00,26.842,-95.324,11.747,227.2,38.86756102,-1535.0,-225.95
12/25/2017 8:00,26.852,-95.443,11.938,232.0,42.88691292,-1498.0,-230.73
12/25/2017 16:00,26.843,-95.561,11.613,224.5,39.28387201,-1353.0,-223.27
12/26/2017 0:00,26.776,-95.655,11.654,225.3,43.42632957,-1307.0,-224.06
12/26/2017 8:00,26.7,-95.738,11.681,224.0,36.43944292,-1430.0,-222.77
12/26/2017 16:00,26.627,-95.784,11.536,222.5,33.50219844,-1272.0,-221.28
12/27/2017 0:00,26.526,-95.777,11.543,219.8,42.26624421,-1315.0,-218.59
12/27/2017 8:00,26.419,-95.764,11.754,228.7,39.88414472,-1326.0,-227.44
12/27/2017 16:00,26.329,-95.716,11.592,221.7,38.69,-1271.0,-220.48
12/28/2017 0:00,26.268,-95.626,11.784,228.5,39.26810029,-1390.0,-227.24
12/28/2017 8:00,26.228,-95.531,11.768,226.4,33.43898623,-1441.0,-225.16
12/28/2017 16:00,26.245,-95.416,11.866,233.1,57.77264578,-1575.0,-231.82
12/29/2017 0:00,26.324,-95.251,11.991,236.4,52.44844516,-1627.0,-235.1
12/29/2017 8:00,26.384,-95.176,12.261,249.4,33.80938627,-1785.0,-248.03
12/29/2017 16:00,26.49,-95.117,12.149,246.6,54.83483929,-1681.0,-245.25
12/30/2017 0:00,26.623,-95.061,12.344,249.4,48.59631262,-1702.0,-248.03
12/30/2017 8:00,26.735,-95.045,12.44,251.1,46.16746149,-1624.0,-249.72
12/30/2017 16:00,26.863,-95.038,12.372,250.5,46.26931813,-1410.0,-249.12
12/31/2017 0:00,26.96,-95.072,12.383,250.5,35.14629568,-1471.0,-249.12
12/31/2017 8:00,27.023,-95.141,12.312,248.0,33.58451131,-1437.0,-246.64
12/31/2017 16:00,27.074,-95.218,12.266,245.2,33.20859226,-1146.0,-243.85
1/1/2018 0:00,27.091,-95.312,12.083,240.5,30.84684911,-1117.0,-239.18
1/1/2018 8:00,27.082,-95.392,12.043,239.0,27.69838443,-1164.0,-237.69
1/1/2018 16:00,27.053,-95.475,11.97,237.9,33.52563497,-1282.0,-236.59
1/2/2018 0:00,26.996,-95.563,11.825,228.7,42.38804666,-1057.0,-227.44
1/2/2018 8:00,26.906,-95.651,11.779,228.4,47.43239926,-993.0,-227.15
1/2/2018 16:00,26.813,-95.717,11.826,227.4,34.07366432,-1053.0,-226.15
1/3/2018 0:00,26.756,-95.742,11.72,228.8,14.76482306,-1125.0,-227.54
1/3/2018 8:00,26.725,-95.735,11.73,224.9,14.63558677,-1308.0,-223.66
1/3/2018 16:00,26.677,-95.713,11.765,225.6,24.72720971,-1422.0,-224.36
1/4/2018 0:00,26.601,-95.688,11.692,223.9,38.15943527,-1372.0,-222.67
1/4/2018 8:00,26.488,-95.668,11.836,230.0,47.23928556,-1410.0,-228.74
1/4/2018 16:00,26.373,-95.638,11.877,232.5,43.09142142,-1433.0,-231.22
1/5/2018 0:00,26.287,-95.577,11.883,229.8,34.5000942,-1447.0,-228.54
1/5/2018 8:00,26.244,-95.504,11.991,235.5,31.6797601,-1535.0,-234.21
1/5/2018 16:00,26.252,-95.401,12.041,237.9,35.09116271,-1587.0,-236.59
1/6/2018 0:00,26.269,-95.321,12.108,240.3,22.58482898,-1621.0,-238.98
1/6/2018 8:00,26.307,-95.26,12.17,244.1,37.15072678,-1556.0,-242.76
1/6/2018 16:00,26.392,-95.173,12.099,240.8,41.42226092,-1750.0,-239.48
1/7/2018 0:00,26.48,-95.141,12.004,236.6,37.19565566,-1716.0,-235.3
1/7/2018 8:00,26.588,-95.135,12.031,237.6,44.71428072,-1682.0,-236.29
1/7/2018 16:00,26.699,-95.154,11.946,233.4,39.79542939,-1544.0,-232.12
1/8/2018 0:00,26.787,-95.21,12.04,239.3,41.14755886,-1601.0,-237.99
1/8/2018 8:00,26.881,-95.27,11.966,231.3,39.08332125,-1564.0,-230.03
1/8/2018 16:00,26.934,-95.359,11.845,229.4,35.82677351,-1509.0,-228.14
1/9/2018 0:00,26.972,-95.447,11.877,232.1,31.57080297,-1176.0,-230.82
1/9/2018 8:00,26.986,-95.532,11.736,224.8,29.72742841,-1313.0,-223.56
1/9/2018 16:00,26.962,-95.612,11.791,229.5,24.28565214,-1223.0,-228.24
1/10/2018 0:00,26.947,-95.674,11.625,224.3,27.84082075,-948.0,-223.07
1/10/2018 8:00,26.875,-95.752,11.615,222.4,43.22070337,-1087.0,-221.18
1/10/2018 16:00,26.794,-95.82,11.73,226.7,33.54585667,-1248.0,-225.45
1/11/2018 0:00,26.715,-95.847,11.755,228.1,35.0803435,-1400.0,-226.85
1/11/2018 8:00,26.615,-95.855,11.798,230.8,39.64233217,-1278.0,-229.53
1/11/2018 16:00,26.517,-95.844,11.852,228.9,37.53501832,-1250.0,-227.64
1/12/2018 0:00,26.429,-95.799,11.832,232.9,36.19005941,-1291.0,-231.62
1/12/2018 8:00,26.361,-95.732,11.88,233.4,35.61717563,-1280.0,-232.12
1/12/2018 16:00,26.314,-95.641,11.909,228.5,35.42924357,-1340.0,-227.24
1/13/2018 0:00,26.291,-95.548,12.006,235.8,32.59884967,-1502.0,-234.5
1/13/2018 8:00,26.294,-95.447,12.104,241.5,41.29186118,-1570.0,-240.17
1/13/2018 16:00,26.344,-95.33,11.999,237.7,41.97600386,-1594.0,-236.39
1/14/2018 0:00,26.425,-95.257,12.127,237.7,46.21045769,-1683.0,-236.39
1/14/2018 8:00,26.543,-95.196,12.123,242.3,47.09823457,-1610.0,-240.97
1/14/2018 16:00,26.657,-95.191,12.0,234.8,48.96722271,-1616.0,-233.51
1/15/2018 0:00,26.787,-95.241,11.94,233.9,51.08563888,-1585.0,-232.61
1/15/2018 8:00,26.877,-95.325,11.766,227.8,42.31269904,-1510.0,-226.55
1/15/2018 16:00,26.937,-95.424,11.805,227.2,40.38899355,-1327.0,-225.95
1/16/2018 0:00,26.964,-95.536,11.742,224.3,39.49505412,-1361.0,-223.07
1/16/2018 8:00,26.964,-95.646,11.624,223.3,37.40942395,-1159.0,-222.07
1/16/2018 16:00,26.933,-95.748,11.705,222.8,35.32950042,-937.0,-221.58
1/17/2018 0:00,26.887,-95.831,11.612,221.3,33.94751832,-939.0,-220.08
1/17/2018 8:00,26.816,-95.899,11.716,221.3,37.54718764,-983.0,-220.08
1/17/2018 16:00,26.728,-95.944,11.697,226.1,37.92553889,-1210.0,-224.86
1/18/2018 0:00,26.632,-95.946,11.843,227.4,35.81294179,-1087.0,-226.15
1/18/2018 8:00,26.551,-95.909,11.815,228.0,30.91177284,-1202.0,-226.75
1/18/2018 16:00,26.486,-95.868,11.952,232.6,34.3562105,-1214.0,-231.32
1/19/2018 0:00,26.442,-95.759,11.88,231.3,36.73756797,-1338.0,-230.03
1/19/2018 8:00,26.362,-95.716,12.018,236.4,37.64421337,-1319.0,-235.1
1/19/2018 16:00,26.286,-95.655,12.108,237.4,33.45847576,-1372.0,-236.1
1/20/2018 0:00,26.287,-95.553,12.266,245.9,43.48842835,-1496.0,-244.55
1/20/2018 8:00,26.34,-95.433,12.178,241.9,42.23494525,-1577.0,-240.57
1/20/2018 16:00,26.416,-95.314,12.237,246.6,86.82223966,-1638.0,-245.25
1/21/2018 0:00,26.65,-95.166,12.258,244.5,71.04526022,-1606.0,-243.16
1/21/2018 8:00,26.72,-95.143,12.219,245.5,25.90957352,-1591.0,-244.15
1/21/2018 16:00,26.834,-95.119,12.096,238.8,46.38284705,-1578.0,-237.49
1/22/2018 0:00,26.924,-95.128,12.078,242.0,31.65123852,-1440.0,-240.67
1/22/2018 8:00,26.989,-95.193,12.119,239.5,31.19670816,-1435.0,-238.18
1/22/2018 16:00,27.046,-95.239,12.085,237.1,25.05992817,-1158.0,-235.8
1/23/2018 0:00,27.078,-95.309,12.103,237.8,29.3865003,-1265.0,-236.49
1/23/2018 8:00,27.089,-95.397,12.063,239.6,33.41107152,-1247.0,-238.28
1/23/2018 16:00,27.075,-95.488,12.175,240.8,23.99445978,-1282.0,-239.48
1/24/2018 0:00,27.078,-95.545,12.069,237.5,27.42311798,-1267.0,-236.2
1/24/2018 8:00,26.997,-95.635,12.182,241.7,48.4724922,-1130.0,-240.37
1/24/2018 16:00,26.924,-95.713,11.935,230.2,30.24514011,-939.0,-228.94
1/25/2018 0:00,26.848,-95.719,11.929,236.4,30.2318921,-1090.0,-235.1
1/25/2018 8:00,26.768,-95.717,11.877,222.0,33.42316562,-1118.0,-220.78
1/25/2018 16:00,26.674,-95.71,11.848,222.5,38.00813597,-1408.0,-221.28
1/26/2018 0:00,26.593,-95.662,11.715,225.5,32.91998177,-1388.0,-224.26
1/26/2018 8:00,26.563,-95.573,11.748,228.5,30.95696529,-1303.0,-227.24
1/26/2018 16:00,26.518,-95.501,11.707,230.2,32.00630094,-1524.0,-228.94
1/27/2018 0:00,26.518,-95.388,11.928,231.5,49.71647715,-1602.0,-230.23
1/27/2018 8:00,26.583,-95.241,11.902,231.2,58.03963646,-1649.0,-229.93
1/27/2018 16:00,26.658,-95.105,12.177,240.8,54.10180219,-1642.0,-239.48
1/28/2018 0:00,26.743,-94.993,12.291,244.8,43.26079518,-1605.0,-243.45
1/28/2018 8:00,26.823,-94.924,12.307,243.6,42.51882995,-1364.0,-242.26
1/28/2018 16:00,26.933,-94.866,12.443,251.0,44.87904856,-1491.0,-249.62
1/29/2018 0:00,27.031,-94.85,12.613,257.3,33.76412889,-1446.0,-255.89
1/29/2018 8:00,27.113,-94.871,12.61,257.8,33.27783797,-1428.0,-256.38
1/29/2018 16:00,27.192,-94.912,12.641,257.6,33.16937895,-1154.0,-256.18
1/30/2018 0:00,27.246,-94.988,12.514,254.0,35.97105086,-1143.0,-252.6
1/30/2018 8:00,27.266,-95.098,12.532,254.0,38.79899483,-1155.0,-252.6
1/30/2018 16:00,27.274,-95.21,12.373,248.4,41.01583719,-1186.0,-247.04
1/31/2018 0:00,27.238,-95.341,12.218,243.5,52.99766221,-1147.0,-242.16
1/31/2018 8:00,27.167,-95.475,12.017,235.6,49.56253121,-1248.0,-234.31
1/31/2018 16:00,27.085,-95.576,11.873,229.4,52.25600061,-1237.0,-228.14
2/1/2018 0:00,26.96,-95.65,11.669,221.6,46.29545226,-1133.0,-220.38
2/1/2018 8:00,26.866,-95.665,11.83,228.0,36.28165928,-982.0,-226.75
2/1/2018 16:00,26.762,-95.671,11.843,229.1,41.38164327,-1369.0,-227.84
2/2/2018 0:00,26.667,-95.618,11.863,228.4,38.10329382,-1448.0,-227.15
2/2/2018 8:00,26.609,-95.551,11.786,227.9,29.97295448,-1480.0,-226.65
2/2/2018 16:00,26.593,-95.46,11.993,236.1,35.11835133,-1559.0,-234.8
2/3/2018 0:00,26.619,-95.354,11.821,227.4,41.29703621,-1625.0,-226.15
2/3/2018 8:00,26.685,-95.25,11.977,233.1,47.40597642,-1612.0,-231.82
2/3/2018 16:00,26.79,-95.161,11.859,230.1,54.11654276,-1604.0,-228.84
2/4/2018 0:00,26.912,-95.103,11.869,229.0,43.66530545,-1553.0,-227.74
2/4/2018 8:00,27.015,-95.107,11.744,223.8,42.88136658,-1428.0,-222.57
2/4/2018 16:00,27.13,-95.132,11.888,229.0,42.57823975,-1335.0,-227.74
2/5/2018 0:00,27.211,-95.202,11.71,224.2,38.56097639,-1244.0,-222.97
2/5/2018 8:00,27.266,-95.291,11.811,229.1,36.67930479,-1118.0,-227.84
2/5/2018 16:00,27.283,-95.396,11.818,228.3,37.15065141,-987.0,-227.05
2/6/2018 0:00,27.268,-95.509,11.773,225.9,43.9192953,-1175.0,-224.66
2/6/2018 8:00,27.221,-95.631,11.947,231.0,42.34783584,-989.0,-229.73
2/6/2018 16:00,27.141,-95.713,11.79,227.1,48.05698701,-997.0,-225.85
2/7/2018 0:00,27.031,-95.799,11.8,225.1,48.29807864,-895.0,-223.86
2/7/2018 8:00,26.915,-95.841,11.841,226.7,54.06215774,-891.0,-225.45
2/7/2018 16:00,26.775,-95.872,11.789,227.9,44.0542393,-1204.0,-226.65
2/8/2018 0:00,26.688,-95.82,11.7,221.8,42.25646104,-1396.0,-220.58
2/8/2018 8:00,26.587,-95.752,11.669,221.2,42.93016771,-1336.0,-219.98
2/8/2018 16:00,26.507,-95.692,11.839,227.9,34.35269131,-1382.0,-226.65
2/9/2018 0:00,26.451,-95.616,11.702,223.5,36.55807572,-1456.0,-222.27
2/9/2018 8:00,26.444,-95.508,11.648,222.4,32.07393022,-1531.0,-221.18
2/9/2018 16:00,26.463,-95.43,11.815,224.3,33.1160218,-1593.0,-223.07
2/10/2018 0:00,26.504,-95.327,11.682,220.6,36.25319848,-1636.0,-219.39
2/10/2018 8:00,26.555,-95.266,11.812,225.6,26.70764123,-1642.0,-224.36
2/10/2018 16:00,26.626,-95.234,11.734,224.9,33.16140226,-1622.0,-223.66
2/11/2018 0:00,26.713,-95.199,11.587,220.1,36.00946681,-1564.0,-218.89
2/11/2018 8:00,26.799,-95.179,11.714,222.2,34.63448282,-1604.0,-220.98
2/11/2018 16:00,26.89,-95.213,11.593,215.5,36.05610073,-1579.0,-214.32
2/12/2018 0:00,26.966,-95.248,11.476,215.8,28.92914966,-1522.0,-214.61
2/12/2018 8:00,27.015,-95.317,11.531,219.1,32.02323688,-1277.0,-217.9
2/12/2018 16:00,27.047,-95.403,11.457,215.4,31.55015372,-1117.0,-214.22
2/13/2018 0:00,27.057,-95.49,11.554,220.0,28.8122474,-1283.0,-218.79
2/13/2018 8:00,27.047,-95.571,11.498,215.0,30.19592357,-1223.0,-213.82
2/13/2018 16:00,27.002,-95.653,11.502,215.5,33.19448448,-1041.0,-214.32
2/14/2018 0:00,26.951,-95.72,11.533,214.3,28.61259163,-978.0,-213.12
2/14/2018 8:00,26.877,-95.764,11.514,218.1,39.00841063,-1068.0,-216.9
2/14/2018 16:00,26.786,-95.824,11.703,221.8,36.01324479,-1262.0,-220.58
2/15/2018 0:00,26.7,-95.821,11.661,221.5,35.2611883,-1398.0,-220.28
2/15/2018 8:00,26.615,-95.791,11.822,229.1,29.15180269,-1278.0,-227.84
2/15/2018 16:00,26.561,-95.739,11.855,227.2,32.25282933,-1351.0,-225.95
2/16/2018 0:00,26.495,-95.664,11.816,226.7,37.19482356,-1411.0,-225.45
2/16/2018 8:00,26.483,-95.545,11.797,226.0,47.29095157,-1509.0,-224.76
2/16/2018 16:00,26.48,-95.4,11.752,226.6,51.07763601,-1610.0,-225.35
2/17/2018 0:00,26.489,-95.258,11.9,229.3,48.04845887,-1679.0,-228.04
2/17/2018 8:00,26.546,-95.128,11.973,233.6,51.80986875,-1654.0,-232.32
2/17/2018 16:00,26.608,-95.009,12.13,242.6,40.64671696,-1727.0,-241.27
2/18/2018 0:00,26.708,-94.97,12.01,233.4,41.9882043,-1662.0,-232.12
2/18/2018 8:00,26.805,-94.937,12.069,234.3,37.56153884,-1373.0,-233.01
2/18/2018 16:00,26.904,-94.995,11.991,234.1,45.85386898,-1386.0,-232.81
2/19/2018 0:00,26.989,-95.072,11.776,224.9,39.29427439,-1425.0,-223.66
2/19/2018 8:00,27.047,-95.162,11.694,224.8,37.563835,-1386.0,-223.56
2/19/2018 16:00,27.082,-95.264,11.726,221.8,40.40472373,-1107.0,-220.58
2/20/2018 0:00,27.072,-95.393,11.631,218.8,45.30771789,-1140.0,-217.6
2/20/2018 8:00,27.044,-95.515,11.536,215.0,45.15606382,-1284.0,-213.82
2/20/2018 16:00,26.964,-95.615,11.578,219.5,41.00150363,-1213.0,-218.29
2/21/2018 0:00,26.897,-95.666,11.479,214.0,25.15265592,-959.0,-212.82
2/21/2018 8:00,26.828,-95.689,11.597,216.6,35.44614507,-1231.0,-215.41
2/21/2018 16:00,26.722,-95.706,11.482,216.1,40.56689414,-1254.0,-214.91
2/22/2018 0:00,26.646,-95.686,11.386,209.0,22.58149685,-1360.0,-207.85
2/22/2018 8:00,26.626,-95.603,11.607,214.2,39.71940835,-1402.0,-213.02
2/22/2018 16:00,26.561,-95.499,11.578,215.7,35.6897128,-1529.0,-214.51
2/23/2018 0:00,26.574,-95.423,11.515,212.8,20.43771024,-1576.0,-211.63
2/23/2018 8:00,26.594,-95.371,11.562,217.7,30.57706657,-1577.0,-216.5
2/23/2018 16:00,26.662,-95.252,11.51,214.7,61.67404965,-1619.0,-213.52
2/24/2018 0:00,26.764,-95.112,11.517,214.7,55.77659904,-1618.0,-213.52
2/24/2018 8:00,26.861,-95.041,11.698,222.4,37.99406796,-1420.0,-221.18
2/24/2018 16:00,26.961,-95.039,11.973,216.4,42.82807724,-1484.0,-215.21
2/25/2018 0:00,27.074,-95.065,11.861,231.3,42.73933317,-1369.0,-230.03
2/25/2018 8:00,27.165,-95.119,11.957,229.1,37.94220869,-1300.0,-227.84
2/25/2018 16:00,27.231,-95.193,12.002,233.8,36.15130011,-1223.0,-232.52
2/26/2018 0:00,27.248,-95.307,11.932,228.7,40.79569708,-1063.0,-227.44
2/26/2018 8:00,27.239,-95.43,12.035,233.7,52.38123805,-1239.0,-232.42
2/26/2018 16:00,27.163,-95.569,11.944,230.3,42.29931087,-1178.0,-229.03
2/27/2018 0:00,27.109,-95.628,11.938,227.4,36.86812309,-1163.0,-226.15
2/27/2018 8:00,26.994,-95.68,11.755,223.6,41.94034454,-1052.0,-222.37
2/27/2018 16:00,26.916,-95.687,11.784,224.7,29.82647482,-960.0,-223.47
2/28/2018 0:00,26.825,-95.669,11.726,222.6,37.21462347,-1239.0,-221.38
2/28/2018 8:00,26.743,-95.623,11.594,221.7,34.35706769,-1303.0,-220.48
2/28/2018 16:00,26.681,-95.558,11.626,220.6,31.32151976,-1466.0,-219.39
3/1/2018 0:00,26.647,-95.478,11.686,221.9,31.51952569,-1516.0,-220.68
3/1/2018 8:00,26.645,-95.391,11.674,218.6,24.32767149,-1521.0,-217.4
3/1/2018 16:00,26.661,-95.331,11.573,214.8,28.65676185,-1538.0,-213.62
3/2/2018 0:00,26.728,-95.249,11.66,219.9,40.74824413,-1581.0,-218.69
3/2/2018 8:00,26.797,-95.184,11.537,214.5,29.23536386,-1604.0,-213.32
3/2/2018 16:00,26.862,-95.16,11.579,218.6,26.12647125,-1598.0,-217.4
3/3/2018 0:00,26.929,-95.164,11.782,223.6,25.58638701,-1353.0,-222.37
3/3/2018 8:00,26.986,-95.212,11.612,221.0,29.43740817,-1459.0,-219.79
3/3/2018 16:00,27.042,-95.274,11.866,225.7,32.94071189,-1361.0,-224.46
3/4/2018 0:00,27.072,-95.371,11.879,227.9,34.87545985,-1135.0,-226.65
3/4/2018 8:00,27.084,-95.462,11.832,225.0,29.96328587,-1257.0,-223.76
3/4/2018 16:00,27.078,-95.552,11.877,226.1,32.87371138,-1258.0,-224.86
3/5/2018 0:00,27.046,-95.646,11.862,226.1,35.26166332,-902.0,-224.86
3/5/2018 8:00,26.99,-95.729,11.818,222.9,38.98753903,-992.0,-221.68
3/5/2018 16:00,26.906,-95.792,11.769,224.0,33.36456204,-1007.0,-222.77
3/6/2018 0:00,26.833,-95.82,11.895,227.2,33.84471894,-1110.0,-225.95
3/6/2018 8:00,26.738,-95.843,11.831,225.8,34.70167287,-1415.0,-224.56
3/6/2018 16:00,26.662,-95.819,11.737,222.0,30.11541964,-1340.0,-220.78
3/7/2018 0:00,26.596,-95.774,11.791,224.3,27.95348458,-1336.0,-223.07
3/7/2018 8:00,26.557,-95.716,11.745,221.3,22.95323289,-1352.0,-220.08
3/7/2018 16:00,26.549,-95.652,11.694,219.3,23.58908646,-1401.0,-218.1
3/8/2018 0:00,26.563,-95.581,11.636,218.3,26.02880136,-1332.0,-217.1
3/8/2018 8:00,26.588,-95.511,11.688,221.1,25.8889262,-1543.0,-219.89
3/8/2018 16:00,26.638,-95.448,11.566,214.7,34.91986541,-1549.0,-213.52
3/9/2018 0:00,26.705,-95.384,11.535,213.4,26.24539007,-1495.0,-212.23
3/9/2018 8:00,26.768,-95.381,11.661,217.2,29.55871783,-1513.0,-216.01
3/9/2018 16:00,26.859,-95.357,11.547,215.0,36.27546416,-1474.0,-213.82
3/10/2018 0:00,26.942,-95.386,11.793,223.4,33.60133628,-1373.0,-222.17
3/10/2018 8:00,26.996,-95.456,11.726,218.3,31.2593602,-1279.0,-217.1
3/10/2018 16:00,27.009,-95.547,11.945,226.6,31.37063755,-1118.0,-225.35
3/11/2018 0:00,27.018,-95.629,11.807,221.8,26.21979786,-1073.0,-220.58
3/11/2018 8:00,26.975,-95.707,11.821,225.9,38.70695157,-1061.0,-224.66
3/11/2018 16:00,26.907,-95.803,11.851,222.8,42.91879309,-1000.0,-221.58
3/12/2018 0:00,26.81,-95.86,11.809,222.1,42.77025602,-1144.0,-220.88
3/12/2018 8:00,26.703,-95.863,11.831,224.3,39.07834183,-1374.0,-223.07
3/12/2018 16:00,26.606,-95.837,11.771,220.7,41.64098942,-1278.0,-219.49
3/13/2018 0:00,26.499,-95.798,11.721,220.4,39.88849584,-1291.0,-219.19
3/13/2018 8:00,26.421,-95.744,11.712,214.9,35.3167524,-1346.0,-213.72
3/13/2018 16:00,26.363,-95.662,11.617,216.4,34.89339336,-1410.0,-215.21
3/14/2018 0:00,26.341,-95.575,11.701,216.9,27.21806202,-1472.0,-215.71
3/14/2018 8:00,26.337,-95.511,11.719,218.9,17.3458237,-1534.0,-217.7
3/14/2018 16:00,26.347,-95.47,11.608,216.7,19.46248956,-1557.0,-215.51
3/15/2018 0:00,26.417,-95.428,11.585,217.4,39.92787497,-1583.0,-216.21
3/15/2018 8:00,26.508,-95.389,11.613,217.6,28.34348779,-1598.0,-216.4
3/15/2018 16:00,26.563,-95.409,11.628,214.9,24.82787546,-1585.0,-213.72
3/16/2018 0:00,26.621,-95.452,11.619,214.3,24.60664138,-1570.0,-213.12
3/16/2018 8:00,26.67,-95.492,11.563,212.4,27.08154353,-1490.0,-211.23
3/16/2018 16:00,26.725,-95.554,11.715,219.3,28.54653219,-1318.0,-218.1
3/17/2018 0:00,26.746,-95.621,11.662,217.4,22.74471367,-1280.0,-216.21
3/17/2018 8:00,26.745,-95.686,11.626,217.3,22.24045188,-1379.0,-216.11
3/17/2018 16:00,26.734,-95.747,11.781,219.7,19.78913844,-1361.0,-218.49
3/18/2018 0:00,26.702,-95.786,,,19.06150309,-1412.0,
3/18/2018 8:00,26.65,-95.801,,,22.74861095,-1296.0,
3/18/2018 16:00,26.586,-95.792,,,27.26846164,-1312.0,
3/19/2018 0:00,26.515,-95.763,,,31.0240165,-1322.0,
3/19/2018 8:00,26.442,-95.716,,,33.44156994,-1382.0,
3/19/2018 16:00,26.373,-95.655,,,34.37037242,-1411.0,
3/20/2018 0:00,26.31,-95.586,,,33.70887865,-1426.0,
3/20/2018 8:00,26.255,-95.514,,,31.34647189,-1514.0,
3/20/2018 16:00,26.214,-95.443,,,27.30997803,-1581.0,
3/21/2018 0:00,26.186,-95.378,,,21.80073852,-1604.0,
3/21/2018 8:00,26.177,-95.325,,,16.65905159,-1689.0,
3/21/2018 16:00,26.196,-95.28,,,20.43229062,-1668.0,
3/22/2018 0:00,26.252,-95.238,12.128,228.4,32.20832346,-1704.0,-227.15
3/22/2018 8:00,26.331,-95.206,12.026,226.2,27.76429722,-1704.0,-224.96
3/22/2018 16:00,26.385,-95.219,12.173,233.8,22.42556131,-1717.0,-232.52
3/23/2018 0:00,26.428,-95.281,12.025,224.8,29.09356286,-1654.0,-223.56
3/23/2018 8:00,26.483,-95.339,11.819,220.8,28.88144387,-1641.0,-219.59
3/23/2018 16:00,26.51,-95.424,11.946,222.9,34.00905321,-1571.0,-221.68
3/24/2018 0:00,26.52,-95.524,11.912,221.0,34.73779498,-1504.0,-219.79
3/24/2018 8:00,26.504,-95.618,11.779,218.2,30.41398691,-1442.0,-217.0
3/24/2018 16:00,26.48,-95.689,11.775,216.8,23.41738243,-1393.0,-215.61
3/25/2018 0:00,26.422,-95.725,11.859,219.8,32.58476331,-1362.0,-218.59
